,SMILES,BigSMILES,Tg (C)
0,*C1COC2C1OCC2Oc1ccc(cc1)CNC(=O)CCCCCCC(=O)NCc1ccc(cc1)O*,{<Oc1ccc(cc1)CNC(=O)CCCCCCC(=O)NCc2ccc(cc2)OC3COC4C(COC34)>},21.58173134
1,*OC(CCC(OC(=O)Nc1ccc(cc1)Cc1ccc(cc1)NC(=O)*)C)C,{<OC(C)CCC(C)OC(=O)Nc1ccc(cc1)Cc2ccc(cc2)NC(=O)>},63.5893379
2,*OC(=O)c1ccc(cc1)C(=O)OCCCC(=O)NCc1ccc(cc1)CNC(=O)CCC*,{<CCCC(=O)NCc1ccc(cc1)CNC(=O)CCCOC(=O)c2ccc(cc2)C(=O)O>},53.55726117
3,*OC(=O)NCCNC(=O)OCC*,{<CCOC(=O)NCCNC(=O)O>},5.896093021
4,*SCCCCC*,{<CCCCCS>},-55.37860961
5,*Oc1ccc(cc1)C(=O)OC(=O)c1ccc(cc1)OCCCCCC*,{<CCCCCCOc1ccc(cc1)C(=O)OC(=O)c2ccc(cc2)O>},64.73496741
6,*c1[nH]c(cc1CC(=O)OCCCCCCCC)*,{<c1cc(CC(=O)OCCCCCCCC)c([nH]1)>},-4.076963699
7,*C(C*)(CC(=O)OCCCCCCCCCC)C(=O)OCCCCCCCCCC,{$CC(C(=O)OCCCCCCCCCC)(CC(=O)OCCCCCCCCCC)$},75.04044311
8,*OCC1C(C1)C*,{<CC1CC1CO>},-28.98581149
9,*N(C(=O)CCCCCCCCCCCCCCCCC(=O)N(CCCCCC*)C)C,{<CCCCCCN(C)C(=O)CCCCCCCCCCCCCCCCC(=O)N(C)>},49.34222836
10,*O[Si](*)(CCC(C(C(C(C(C(F)(F)F)(F)F)(F)F)(F)F)(F)F)(F)F)C,{<O[Si](CCC(F)(F)C(F)(F)C(F)(F)C(F)(F)C(F)(F)C(F)(F)F)(C)>},-68.87734458
11,*S(=O)(=O)c1ccc(cc1)C(=O)CNc1ccc(cc1)NCC(=O)c1ccc(cc1)*,{<c1ccc(cc1)C(=O)CNc2ccc(cc2)NCC(=O)c3ccc(cc3)S(=O)(=O)>},198.9026743
12,*S(=O)(=O)c1ccc(cc1)C(=O)NCCNC(=O)c1ccc(cc1)*,{<c1ccc(cc1)C(=O)NCCNC(=O)c2ccc(cc2)S(=O)(=O)>},205.0712987
13,*c1cc2c(C(=O)N(C2=O)c2ccc(cc2)C(c2ccc(cc2)N2C(=O)c3c(C2=O)cc(cc3)C(=O)*)CCCCC)cc1,{<C(=O)c1ccc2c(c1)C(=O)N(C2=O)c1ccc(cc1)C(CCCCC)c3ccc(cc3)N4C(=O)c5ccc(cc5C4=O)>},204.7640603
14,*NC(=O)C(=O)NCCCCCCCCCCNC(=O)CCCCCCCCC(=O)NCCCCCCCCCC*,{<CCCCCCCCCCNC(=O)CCCCCCCCC(=O)NCCCCCCCCCCNC(=O)C(=O)N>},82.2677155
15,*OC(=O)c1ccc(cc1)C(=O)OCCCCCCCCCCCCCCCCCCCC*,{<CCCCCCCCCCCCCCCCCCCCOC(=O)c1ccc(cc1)C(=O)O>},17.27783213
16,*Oc1ccc(cc1)C(=O)Oc1ccc(cc1)Cc1ccc(cc1)OC(=O)c1ccc(cc1)OC(=O)c1ccc(cc1)C(=O)*,{<Oc1ccc(cc1)C(=O)Oc2ccc(cc2)Cc3ccc(cc3)OC(=O)c4ccc(cc4)OC(=O)c5ccc(cc5)C(=O)>},88.16409459
17,*Oc1ccc(cc1)SSCCCCSSc1ccc(cc1)*,{<Oc1ccc(cc1)SSCCCCSSc2ccc(cc2)>},102.260186
18,*Oc1ccc(cc1)C(=O)Nc1c(cc(cc1)c1cc(c(cc1)NC(=O)c1ccc(cc1)OCCCCCC*)Cl)Cl,{<CCCCCCOc1ccc(cc1)C(=O)Nc2ccc(cc2Cl)c3ccc(c(Cl)c3)NC(=O)c4ccc(cc4)O>},133.9866306
19,*c1c(cc(c(c1)C=Cc1ccc(cc1)OCCC(CCCC(C)C)C)C=C*)C=Cc1ccc(cc1)OCCC(CCCC(C)C)C,{$C=Cc1cc(C=Cc2ccc(OCCC(C)CCCC(C)C)cc2)c(cc1C=Cc1ccc(OCCC(C)CCCC(C)C)cc1)$},2.868925186
20,*c1ccc(cc1)C=C1C(=O)C(=Cc2ccc(cc2)C(=O)CCCCC(=O)*)CC1,{<C(=O)CCCCC(=O)c1ccc(cc1)C=C2CCC(C2=O)=Cc3ccc(cc3)>},197.4539358
21,*SC(=O)CCCCC(=O)SCc1ccc(cc1)c1ccc(cc1)C*,{<Cc1ccc(cc1)c2ccc(cc2)CSC(=O)CCCCC(=O)S>},-14.32353196
22,*C(C*)(C(=O)OCCNC(=O)N(CC(C(C(OC1OC(C(C(C1O)O)O)CO)C(CO)O)O)O)CCCCCC)C,{$CC(C(=O)OCCNC(=O)N(CCCCCC)CC(O)C(O)C(OC1OC(CO)C(O)C(O)C1O)C(O)CO)(C)$},23.2402228
23,*Oc1ccc(cc1)OC(=O)c1cc(cc(c1)NC(=O)c1ccc(cc1)NC(=O)C(N1C(=O)c2c(C1=O)cccc2)C)C(=O)*,{<Oc1ccc(cc1)OC(=O)c2cc(NC(=O)c3ccc(NC(=O)C(C)N4C(=O)c5ccccc5C4=O)cc3)cc(c2)C(=O)>},58.7319127
24,*OC(=O)Nc1ccc(cc1)C(=O)OCC1CCC(CC1)C*,{<CC1CCC(CC1)COC(=O)c2ccc(cc2)NC(=O)O>},148.8519878
25,*Nc1c(cccc1)NC(=O)c1ccc(cc1)C(=O)*,{<Nc1ccccc1NC(=O)c1ccc(cc1)C(=O)>},231.8080905
26,*C(C*)(C(=O)OCCCCCCOc1ccc(cc1)C(=O)Oc1ccc(cc1)OCCCCCC)C,{$CC(C(=O)OCCCCCCOc1ccc(C(=O)Oc2ccc(OCCCCCC)cc2)cc1)(C)$},14.67015775
27,*Oc1ccc(cc1)S(=O)(=O)c1c2c(ccc1)c(ccc2)S(=O)(=O)c1ccc(cc1)Oc1c(cc(c(c1C)C)c1c(c(c(c(c1)C)*)C)C)C,{<Oc1ccc(cc1)S(=O)(=O)c2cccc3c(cccc23)S(=O)(=O)c4ccc(cc4)Oc5c(C)cc(c(C)c5C)c6cc(C)c(c(C)c6C)>},300.6954413
28,*OC(=O)NC1CCC(CC1)CC1CCC(CC1)NC(=O)OCC(C*)(C)C,{<CC(C)(C)COC(=O)NC1CCC(CC1)CC2CCC(CC2)NC(=O)O>},15.9792949
29,*OC(=O)NCCCCCC(=O)OCCCC*,{<CCCCOC(=O)CCCCCNC(=O)O>},47.28425166
30,*N(c1c(cc(cc1)Cc1cc(c(cc1)N(C(=O)c1ccc(cc1)C(=O)*)CCC)C)C)CCC,{<C(=O)c1ccc(cc1)C(=O)N(CCC)c2ccc(cc2C)Cc3ccc(c(C)c3)N(CCC)>},179.9023847
31,*Nc1ccc(cc1)NC(=O)c1cc(cc(c1)NC(=O)C(CCSC)N1C(=O)c2c(C1=O)cccc2)C(=O)*,{<Nc1ccc(cc1)NC(=O)c2cc(NC(=O)C(CCSC)N3C(=O)c4ccccc4C3=O)cc(c2)C(=O)>},230.3191562
32,*N(c1c(cc(cc1)Cc1cc(c(cc1)N(C(=O)c1ccc(cc1)C(=O)*)C)C)C)C,{<C(=O)c1ccc(cc1)C(=O)N(C)c2ccc(cc2C)Cc3ccc(c(C)c3)N(C)>},167.9642319
33,*OC(=O)CCCCCCC(=O)OCCc1ccc(cc1)N1ON1c1ccc(cc1)CC*,{<CCc1ccc(cc1)n2on2c2ccc(cc2)CCOC(=O)CCCCCCC(=O)O>},17.91289325
34,*Oc1ccc(cc1)C(c1ccc(cc1)OC(=O)c1ccc(cc1)C(=O)*)(C(F)(F)F)C(F)(F)F,"{<Oc1ccc(cc1)C(C(F)(F)F)(C(F)(F)F)c2ccc(cc2)O<,>C(=O)c3ccc(cc3)C(=O)>}",150.9011854
35,*c1ccc2[nH]c3c(c2c1)cc(cc3)*,{<c1ccc2[nH]c3ccc(cc3c2c1)>},246.5898577
36,*C(C*)C(=O)NCCCC,{$CC(C(=O)NCCCC)$},-84.72234668
37,*C(=C*)CCCCCCCCCCOc1ccc(cc1)c1ccc(cc1)OCC(CCCCCC)F,{$C=C(CCCCCCCCCCOc1ccc(c2ccc(OCC(F)CCCCCC)cc2)cc1)$},27.34580481
38,*NC(=O)NCCCCNC(=O)NCCCCCC*,{<CCCCCCNC(=O)NCCCCNC(=O)N>},60.10434296
39,*Oc1ccc(cc1)C(=Cc1ccc(cc1)OC(=O)OCCCCCOC(=O)*)C,{<Oc1ccc(cc1)C(C)=Cc2ccc(cc2)OC(=O)OCCCCCOC(=O)>},39.38257392
40,*N1CCN(CC1)C(=O)CCN1CCN(CC1)CCC(=O)*,{<C(=O)CCN1CCN(CC1)CCC(=O)N2CCN(CC2)>},40.58060093
41,*c1c(cc(cc1)C#C*)SCCCCCCCCCCCC,{$C#Cc1ccc(c(SCCCCCCCCCCCC)c1)$},53.41644401
42,*OC(=O)Nc1cc(ccc1)C(=O)OCCCCCCCCCC*,{<CCCCCCCCCCOC(=O)c1cccc(c1)NC(=O)O>},45.09440244
43,*Oc1c(cc(cc1)C(=O)*)CCCCCC,{<Oc1ccc(cc1CCCCCC)C(=O)>},85.05865655
44,*Nc1ccc(cc1)NC(=O)C=CC(=O)*,{<Nc1ccc(cc1)NC(=O)C=CC(=O)>},115.1255691
45,*C(C*)(C(=O)OC(Oc1ccccc1)C)C,{$CC(C(=O)OC(C)Oc1ccccc1)(C)$},31.196908
46,*C(*)C,{$C(C)$},122.3867673
47,*N1C(=O)c2c(C1=O)cc(cc2)Oc1cc2c(C(=O)N(C2=O)c2c(c3c(C(CC3)(C)C)c(c2C)*)C)cc1,{<c1c(C)c(c(C)c2c1C(C)(C)CC2)N2C(=O)c3ccc(cc3C2=O)Oc4ccc5c(c4)C(=O)N(C5=O)>},325.2939228
48,*Nc1ccc(cc1)C(=O)*,{<Nc1ccc(cc1)C(=O)>},92.05287264
49,*C(=C*)C,{$C=C(C)$},4.023221393
50,*c1nc(nc(n1)Oc1c2c(ccc1C(=O)Oc1ccc(cc1)OC(=O)c1c(c3c(cc1)cccc3)O*)cccc2)N1CCCCC1,{<Oc1c(ccc2ccccc12)C(=O)Oc2ccc(cc2)OC(=O)c3ccc4ccccc4c3Oc3nc(nc(N4CCCCC4)n3)>},288.7077709
51,*OS(=O)(=O)c1ccc(cc1)Sc1ccc(cc1)S(=O)(=O)Oc1ccc(cc1)C1(CCCCC1)c1ccc(cc1)*,{<OS(=O)(=O)c1ccc(cc1)Sc2ccc(cc2)S(=O)(=O)Oc3ccc(cc3)C4(CCCCC4)c5ccc(cc5)>},157.8104834
52,*c1c(c(c(c(c1Cl)Cl)CC*)Cl)Cl,{$CCc1c(Cl)c(Cl)c(c(Cl)c1Cl)$},56.1987128
53,*OC(=O)c1ccc(cc1)C(=O)OCCCC(=O)NCCCCCCNC(=O)CCC*,{<CCCC(=O)NCCCCCCNC(=O)CCCOC(=O)c1ccc(cc1)C(=O)O>},60.02078862
54,*c1c(c(cc(c1)*)C=Nc1ccc(cc1)F)O,{$c1cc(c(O)c(C=Nc2ccc(F)cc2)c1)$},-121.5212841
55,*N=C1C=CC(=NC2=CC(=O)C(=CC2=O)*)C=C1,{<N=C1C=CC(C=C1)=NC2=CC(=O)C(=CC2=O)>},212.9967182
56,*OC(=O)NCCSCCCCCSCCNC(=O)OCC1CCC(CC1)C*,{<CC1CCC(CC1)COC(=O)NCCSCCCCCSCCNC(=O)O>},77.84678315
57,*OS(=O)(=O)c1ccc(cc1)Oc1ccc(cc1)S(=O)(=O)Oc1ccc(cc1)C1(CCCCC1)c1ccc(cc1)*,{<OS(=O)(=O)c1ccc(cc1)Oc2ccc(cc2)S(=O)(=O)Oc3ccc(cc3)C4(CCCCC4)c5ccc(cc5)>},149.9071313
58,*c1nc(nc(n1)Oc1cc2c(cc1)cc(cc2)C(=O)Oc1c(cccc1)OC(=O)c1cc2c(cc1)cc(cc2)O*)N1CCN(CC1)C,{<Oc1ccc2cc(ccc2c1)C(=O)Oc3ccccc3OC(=O)c3ccc4cc(ccc4c3)Oc5nc(nc(N6CCN(C)CC6)n5)>},54.90728348
59,*OC(=O)CC(=O)OCC*,{<CCOC(=O)CC(=O)O>},-90.52916041
60,*OC(=O)CCCCCCCC(=O)OCC(C*)(C)C,{<CC(C)(C)COC(=O)CCCCCCCC(=O)O>},17.01342593
61,*OC(=O)Nc1ccc(cc1)Cc1ccc(cc1)NC(=O)OCCN(CC*)CCCC(=O)Nc1ccc(cc1)N=Nc1ccccc1,{<CCN(CCCC(=O)Nc1ccc(N=Nc2ccccc2)cc1)CCOC(=O)Nc1ccc(cc1)Cc2ccc(cc2)NC(=O)O>},-32.25789051
62,*[Si](*)(CCCCCC)CCCCCC,{$[Si](CCCCCC)(CCCCCC)$},-11.37918107
63,*c1n(c(cc1)C=C*)CCCCCC,{<C=Cc1ccc(n1CCCCCC)>},-15.03969582
64,*NC1CC(CC(C1)(CNC(=O)c1cc(cc(c1)NC(=O)c1ccc(cc1)NC(=O)C(CC(C)C)N1C(=O)c2c(C1=O)cccc2)C(=O)*)C)(C)C,{<NC1CC(C)(C)CC(C)(C1)CNC(=O)c2cc(NC(=O)c3ccc(NC(=O)C(CC(C)C)N4C(=O)c5ccccc5C4=O)cc3)cc(c2)C(=O)>},195.2683571
65,*Nc1cc(cc(c1)C(=O)Nc1ccccc1)NC(=O)c1cc(ccc1)C(=O)*,{<Nc1cc(cc(C(=O)Nc2ccccc2)c1)NC(=O)c2cccc(c2)C(=O)>},233.599405
66,*c1cc2c(C(=O)N(C2=O)c2ccc(cc2)N2C(=O)c3c(C2=O)cc(cc3)C(=O)Oc2ccc(cc2)OC(=O)*)cc1,{<C(=O)Oc1ccc(cc1)OC(=O)c2ccc3c(c2)C(=O)N(C3=O)c2ccc(cc2)N4C(=O)c5ccc(cc5C4=O)>},-71.68107141
67,*OC(=O)CCCCCC(=O)OCCC*,{<CCCOC(=O)CCCCCC(=O)O>},-71.28231613
68,*N1C(=O)C(CC1=O)SCCOCCSC1C(=O)N(C(=O)C1)c1ccc(cc1)C(=O)OCCCCCCOC(=O)c1ccc(cc1)*,{<c1ccc(cc1)C(=O)OCCCCCCOC(=O)c2ccc(cc2)N3C(=O)CC(C3=O)SCCOCCSC4CC(=O)N(C4=O)>},19.42674542
69,*NC(=O)CCCCCCCCC(=O)NCCCP(CCC*)c1ccccc1,{<CCCP(c1ccccc1)CCCNC(=O)CCCCCCCCC(=O)N>},56.20366062
70,*c1nc2c([nH]1)cc(cc2)S(=O)(=O)c1cc2c(nc([nH]2)c2ccc(cc2)Oc2ccc(cc2)*)cc1,{<c1ccc(cc1)Oc2ccc(cc2)c3nc4ccc(cc4[nH]3)S(=O)(=O)c5ccc6nc([nH]c6c5)>},315.1120806
71,*C(C*)(C(=O)OCCCCCCOc1ccc(cc1)C=Nc1ccc(cc1)CCCC)C,{$CC(C(=O)OCCCCCCOc1ccc(C=Nc2ccc(CCCC)cc2)cc1)(C)$},12.41121342
72,*Oc1ccc(cc1)Oc1ccc(cc1)NC(=O)c1cc(cc(c1)N1C(=O)c2c(C1=O)c(c(c(c2Cl)Cl)Cl)Cl)C(=O)Nc1ccc(cc1)*,{<Oc1ccc(cc1)Oc2ccc(cc2)NC(=O)c3cc(cc(N4C(=O)c5c(Cl)c(Cl)c(Cl)c(Cl)c5C4=O)c3)C(=O)Nc4ccc(cc4)>},315.5911196
73,*c1ccc(cc1)/C=C/c1c(cc(c(c1)CCCCCC)/C=C/*)CCCCCC,{</C=C/c1cc(CCCCCC)c(cc1CCCCCC)/C=C/c2ccc(cc2)>},51.04706134
74,*Oc1ccc(cc1)OC(=O)*,"{<Oc1ccc(cc1)O<,>C(=O)>}",105.0499992
75,*C1(c2c(C(=O)O1)cccc2)c1ccc(cc1)NC(=O)c1ccc(cc1)C(=O)Nc1ccc(cc1)*,{<c1ccc(cc1)NC(=O)c2ccc(cc2)C(=O)Nc3ccc(cc3)C4(OC(=O)c5ccccc54)>},292.5925873
76,*c1c(cc(c(c1)OCCOCCOCCOCCC(=O)O[Na])C#Cc1c(cc(c(c1)OC(COCCOCCOCCOC)COCCOCCOCCOC)C#C*)OC(COCCOCCOCCOC)COCCOCCOCCOC)OCCOCCOCCOCCC(=O)O[Na],{<C#Cc1cc(OC(COCCOCCOCCOC)COCCOCCOCCOC)c(cc1OC(COCCOCCOCCOC)COCCOCCOCCOC)C#Cc2cc(OCCOCCOCCOCCC(=O)O[Na])c(cc2OCCOCCOCCOCCC(=O)O[Na])>},-43.36051195
77,*N(CC*)C(=O)CCCCCCCC,{<CCN(C(=O)CCCCCCCC)>},-49.55374382
78,*c1cc2c(C(=O)N(C2=O)c2ccc(cc2)c2ccc(cc2)c2ccc(cc2)N2C(=O)c3c(C2=O)cc(cc3)C(=O)*)cc1,{<C(=O)c1ccc2c(c1)C(=O)N(C2=O)c1ccc(cc1)c3ccc(cc3)c4ccc(cc4)N5C(=O)c6ccc(cc6C5=O)>},232.2309602
79,*n1c(=O)c2cc3c(cc2c1=O)c(=O)n(c3=O)CCCCCC(=O)Oc1cc2c(cc1)cc(cc2)OC(=O)CCCCC*,{<CCCCCC(=O)Oc1ccc2cc(ccc2c1)OC(=O)CCCCCn3c(=O)c4cc5c(=O)n(c(=O)c5cc4c3=O)>},-10.30414379
80,*NC(=O)CCP(CCC(=O)NCCCCCC*)c1ccccc1,{<CCCCCCNC(=O)CCP(c1ccccc1)CCC(=O)N>},9.575432391
81,*c1cc2C(c3c(c2cc1)ccc(c3)c1cc2C(c3c(c2cc1)ccc(c3)*)(CCCCCCCCCCCC)CCCCCCCCCCCC)(CCCCCCCC)CCCCCCCC,{<c1ccc2c(c1)C(CCCCCCCC)(CCCCCCCC)c1cc(ccc12)c3ccc4c(c3)C(CCCCCCCCCCCC)(CCCCCCCCCCCC)c3cc(ccc34)>},37.51200969
82,*C1OC(=O)C(C1)CCC1C(=O)OC(C1)CCCCCCCCCC*,{<CCCCCCCCCCC1CC(C(=O)O1)CCC2CC(OC2=O)>},84.1573412
83,*C(C*)C(=O)OC(CC(C)C)C,{$CC(C(=O)OC(C)CC(C)C)$},11.47675289
84,*OC(C*)COc1ccc(cc1)C,{<CC(COc1ccc(C)cc1)O>},-55.31696784
85,*N(C(=O)CCCCCCCCCCCCCCC(=O)N(Cc1ccc(cc1)C*)C)C,{<Cc1ccc(cc1)CN(C)C(=O)CCCCCCCCCCCCCCC(=O)N(C)>},-14.32362541
86,*C1OC(OC(C1)*)O,{<C1CC(OC(O)O1)>},136.0523749
87,*c1c(cc(c(c1)OCCCCCCCCCC)c1ccc(cc1)*)OCCCCCCCCCC,{<c1ccc(cc1)c2cc(OCCCCCCCCCC)c(cc2OCCCCCCCCCC)>},61.07976291
88,*c1c2c(nccc2)c(cc1)OCCOc1c2ncccc2c(cc1)C*,{<Cc1ccc(c2ncccc12)OCCOc2ccc(c3cccnc23)>},74.04018308
89,*NC(CC(=O)*)C(=O)OCCCCCC,{<NC(C(=O)OCCCCCC)CC(=O)>},0.713924343
90,*Oc1c(cc(cc1)OC(=O)c1ccc(cc1)OC(=O)c1ccc(cc1)C(=O)Oc1ccc(cc1)C(=O)*)C,{<Oc1ccc(cc1C)OC(=O)c2ccc(cc2)OC(=O)c3ccc(cc3)C(=O)Oc4ccc(cc4)C(=O)>},81.15934241
91,*n1c(=O)c2ccc3c(=O)n(c(=O)c4ccc(c1=O)c2c34)CCCCCCCCCCCC*,{<CCCCCCCCCCCCN1C(=O)c2ccc3c4c(ccc(c24)C1=O)C(=O)N(C3=O)>},101.4116865
92,*Oc1c(cc(cc1)C=C1C(=O)C(=Cc2cc(c(cc2)OC(=O)c2ccc(cc2)C(=O)*)OC)CCC1)OC,{<Oc1ccc(cc1OC)C=C2CCCC(C2=O)=Cc3ccc(c(OC)c3)OC(=O)c4ccc(cc4)C(=O)>},105.2246285
93,*Nc1ccc(cc1)NC(=O)C1C(C(=CC(C1)C(C(=O)*)CC(=O)O)C)C(=O)O,{<Nc1ccc(cc1)NC(=O)C2CC(C=C(C)C2C(=O)O)C(CC(=O)O)C(=O)>},149.7687276
94,*Oc1ccc(cc1)OC(=O)c1c(cccc1)C=Cc1ccc(cc1)C=Cc1c(cccc1)C(=O)*,{<Oc1ccc(cc1)OC(=O)c2ccccc2C=Cc2ccc(cc2)C=Cc3ccccc3C(=O)>},86.85824281
95,*OC(=O)c1ccc(cc1)NC(=O)CCCCCCCCCCC(=O)Nc1ccc(cc1)C(=O)OCC*,{<CCOC(=O)c1ccc(cc1)NC(=O)CCCCCCCCCCC(=O)Nc2ccc(cc2)C(=O)O>},14.08686284
96,*OC(=O)N(c1ccc(cc1)N(C(=O)OCC(C*)CCCCCCOc1ccc(cc1)c1ccc(cc1)C#N)C)C,{<CC(CCCCCCOc1ccc(c2ccc(C#N)cc2)cc1)COC(=O)N(C)c1ccc(cc1)N(C)C(=O)O>},78.11061669
97,*C1C(C(C(C1)C=C*)C(=O)OCCCCCOc1ccc(cc1)c1ccc(cc1)C#N)C(=O)OCCCCCOc1ccc(cc1)c1ccc(cc1)C#N,{<C=CC1CC(C(C(=O)OCCCCCOc2ccc(c3ccc(C#N)cc3)cc2)C1C(=O)OCCCCCOc1ccc(c2ccc(C#N)cc2)cc1)>},27.68661296
98,*C#CC(=C(*)CCCCOC(=O)NCCCCCC)CCCCOC(=O)NCCCCCC,{$C#CC(CCCCOC(=O)NCCCCCC)=C(CCCCOC(=O)NCCCCCC)$},5.219913288
99,*c1ccc(cc1)/C=C/*,{</C=C/c1ccc(cc1)>},43.3930774
100,*c1nc2c([nH]1)ccc(c2)c1ccc2c(nc([nH]2)c2ccc3S(=O)(=O)c4c(c3c2)cc(cc4)*)c1,{<c1ccc2c(c1)c1cc(ccc1S2(=O)=O)c3nc4cc(ccc4[nH]3)c5ccc6[nH]c(nc6c5)>},355.5073659
101,*n1c(=O)c2cc3c(cc2c1=O)c(=O)n(c3=O)c1ccc(cc1)C(c1ccc(cc1)*)C,{<c1ccc(cc1)C(C)c2ccc(cc2)n3c(=O)c4cc5c(=O)n(c(=O)c5cc4c3=O)>},307.2645731
102,*Oc1c(cc(c(c1)OC(=O)c1ccc(cc1)C=Nc1cc(c(cc1)OCCCCCCOc1c(cc(cc1)N=Cc1ccc(cc1)C(=O)*)Cl)Cl)Cl)Cl,{<Oc1cc(c(Cl)cc1Cl)OC(=O)c2ccc(cc2)C=Nc3ccc(c(Cl)c3)OCCCCCCOc4ccc(cc4Cl)N=Cc5ccc(cc5)C(=O)>},82.06188226
103,*c1ccc2n(c3c(c2c1)cc(cc3)/C=C/c1ccc(cc1)Oc1c(cc(cc1)c1ccc(cc1)c1ccc(cc1)c1cc(c(cc1)Oc1ccc(cc1)/C=C/*)C(F)(F)F)C(F)(F)F)CC(CCCC)CC,{</C=C/c1ccc(cc1)Oc2ccc(cc2C(F)(F)F)c3ccc(cc3)c4ccc(cc4)c5ccc(c(C(F)(F)F)c5)Oc6ccc(cc6)/C=C/c7ccc8c(c7)c7cc(ccc7n8CC(CC)CCCC)>},187.4626146
104,*Oc1ccc(cc1)Oc1ccc(cc1)C(=Nc1ccc(cc1)Oc1ccc(cc1)N=C(c1ccc(cc1)*)C)C,{<Oc1ccc(cc1)Oc2ccc(cc2)C(C)=Nc3ccc(cc3)Oc4ccc(cc4)N=C(C)c5ccc(cc5)>},117.5082044
105,*Oc1ccc(cc1)NC(=O)NCCCCCCNC(=O)*,{<Oc1ccc(cc1)NC(=O)NCCCCCCNC(=O)>},122.4088725
106,*C(C*)OC(=O)CC(=O)C,{$CC(OC(=O)CC(C)=O)$},9.819405608
107,*Oc1c(cc(cc1)OC(=O)c1ccc(cc1)OCCOc1ccc(cc1)C(=O)*)C,{<Oc1ccc(cc1C)OC(=O)c2ccc(cc2)OCCOc3ccc(cc3)C(=O)>},68.01369706
108,*Oc1ccc(cc1)OC(=O)c1ccc(cc1)NC(=O)c1ccc(cc1)C(=O)*,{<Oc1ccc(cc1)OC(=O)c2ccc(cc2)NC(=O)c3ccc(cc3)C(=O)>},176.5386789
109,*N1C(=S)SC(=CC=C2SC(=S)N(C2=O)CC*)C1=O,{<CCN1C(=O)C(SC1=S)=CC=C2SC(=S)N(C2=O)>},164.0140939
110,*C1NC(=O)C(NC1=O)CCC(=O)OCCCC=CCCCOC(=O)CC*,{<CCC(=O)OCCCC=CCCCOC(=O)CCC1NC(=O)C(NC1=O)>},25.37727633
111,*Oc1ccc(cc1)N=Cc1cc(c(cc1)OC(=O)CCCCC(=O)Oc1c(cc(cc1)C=Nc1ccc(cc1)*)OC)OC,{<Oc1ccc(cc1)N=Cc2ccc(c(OC)c2)OC(=O)CCCCC(=O)Oc3ccc(cc3OC)C=Nc4ccc(cc4)>},47.38250675
112,*c1n(c(nn1)c1ccc(cc1)c1ccc(cc1)c1n(c(nn1)COc1ccc(cc1)C=C1C(=O)C(=Cc2ccc(cc2)OC*)CC1)c1ccccc1)c1ccccc1,{<COc1ccc(cc1)C=C2CCC(C2=O)=Cc3ccc(cc3)OCc4nnc(n4c4ccccc4)c5ccc(cc5)c6ccc(cc6)c7nnc(n7c7ccccc7)>},140.326419
113,*N1CCN(CC1)C(=O)C1C(C1)C(=O)*,{<C(=O)C1CC1C(=O)N1CCN(CC1)>},100.5840527
114,*C(=C*)c1c(sc(c1)C(F)(F)F)C(F)(F)F,{$C=C(c1cc(C(F)(F)F)sc1C(F)(F)F)$},54.57900551
115,*N1C(=O)c2c(C1=O)cc(cc2)c1cc2c(C(=O)N(C2=O)c2ccc(cc2)c2ccc(cc2)*)cc1,{<c1ccc(cc1)c2ccc(cc2)N3C(=O)c4ccc(cc4C3=O)c5ccc6c(c5)C(=O)N(C6=O)>},421.9822435
116,*c1cc2c(C(=O)N(C2=O)c2c(c(c(c(c2F)F)N2C(=O)c3c(C2=O)cc(cc3)C(*)(C(F)(F)F)C(F)(F)F)F)F)cc1,{<c1ccc2c(c1)C(=O)N(C2=O)c1c(F)c(F)c(c(F)c1F)N3C(=O)c4ccc(cc4C3=O)C(C(F)(F)F)(C(F)(F)F)>},388.0137456
117,*C#CC(=C(*)OS(=O)(=O)c1ccc(cc1)C)OS(=O)(=O)c1ccc(cc1)C,{$C#CC(OS(=O)(=O)c1ccc(C)cc1)=C(OS(=O)(=O)c1ccc(C)cc1)$},164.1018919
118,*OC(=O)CCC(=O)OCCOCCOCC*,{<CCOCCOCCOC(=O)CCC(=O)O>},14.21396213
119,*Oc1ccc(cc1)C(c1ccc(cc1)OC(=O)c1cc(ccc1)C(=O)*)(CC)C,"{<Oc1ccc(cc1)C(C)(CC)c2ccc(cc2)O<,>C(=O)c3cccc(c3)C(=O)>}",194.1629808
120,*n1c(=O)c2c(c3c(cc2c1=O)c(=O)n(c3=O)CCCCCCCCCC*)Br,{<CCCCCCCCCCn1c(=O)c2cc3c(=O)n(c(=O)c3c(Br)c2c1=O)>},137.1087261
121,*C(C*)(C(=O)OCCCCCCCCOC(=O)OC1CC2=CCC3C(CCC4(C(CCC34)C(CCCC(C)C)C)C)C2(CC1)C)C,{$CC(C(=O)OCCCCCCCCOC(=O)OC1CCC2(C)C(=CCC3C2CCC2(C)C(C(C)CCCC(C)C)CCC32)C1)(C)$},47.48888608
122,*OC(=O)CCCCCCCC(=O)OCCCCCCCCC*,{<CCCCCCCCCOC(=O)CCCCCCCC(=O)O>},3.667443154
123,*Oc1ccc(cc1)c1c(cc(c(c1)OCCCCCC)c1ccc(cc1)OC(=O)c1ccc(cc1)C(=O)*)OCCCCCC,{<Oc1ccc(cc1)c2cc(OCCCCCC)c(cc2OCCCCCC)c3ccc(cc3)OC(=O)c4ccc(cc4)C(=O)>},81.55306128
124,*c1c2c(nccc2)c(cc1)CC*,{<CCc1ccc(c2cccnc12)>},70.93028064
125,*c1n(c(cc1)CCC(=O)OC(=O)CC*)C,{<CCC(=O)OC(=O)CCc1ccc(n1C)>},78.11959859
126,*N1C(=O)C2OC3C(C2C1=O)C(=O)N(C3=O)c1ccc(cc1)c1c(nc2c(n1)cc(cc2)S(=O)(=O)c1cc2c(nc(c(n2)c2ccc(cc2)*)c2ccccc2)cc1)c1ccccc1,{<c1ccc(cc1)c2nc3cc(ccc3nc2c2ccccc2)S(=O)(=O)c4ccc5nc(c6ccccc6)c(nc5c4)c6ccc(cc6)N7C(=O)C8OC9C(=O)N(C(=O)C9C8C7=O)>},373.476202
127,*c1oc(cc1)Sc1oc(cc1)C=C1C(=O)C(=C*)CC1,{<C=C1CCC(C1=O)=Cc2ccc(o2)Sc3ccc(o3)>},102.2883172
128,*Oc1c(c(ccc1)Oc1ccc(cc1)Nc1ccc(cc1)Nc1ccc(cc1)Nc1ccc(cc1)Nc1ccc(cc1)*)C(=O)Nc1ccc(cc1)N=Nc1ccccc1,{<Oc1cccc(c1C(=O)Nc1ccc(N=Nc2ccccc2)cc1)Oc2ccc(cc2)Nc3ccc(cc3)Nc4ccc(cc4)Nc5ccc(cc5)Nc6ccc(cc6)>},238.4094841
129,*=C=C=C(C(=*)CO)CO,{$=C=C=C(CO)C(CO)=$},42.01413885
130,*c1oc(cc1)Sc1oc(cc1)C=NCCN=C*,{<C=NCCN=Cc1ccc(o1)Sc2ccc(o2)>},95.6213855
131,*NC(=O)/C=C/CC/C=C/C(=O)NCCCCCC*,{<CCCCCCNC(=O)/C=C/CC/C=C/C(=O)N>},2.127453311
132,*Nc1c(cc(c(c1)SCCC#N)NC(=O)c1ccc(cc1)C(=O)*)SCCC#N,{<Nc1cc(SCCC#N)c(cc1SCCC#N)NC(=O)c2ccc(cc2)C(=O)>},214.7483216
133,*c1c(cc(cc1)CC*)C(=O)C,{$CCc1ccc(c(C(C)=O)c1)$},8.997925789
134,*Oc1ccc(cc1)C(=O)c1ccc(cc1)Oc1ccc(cc1)C(=O)c1ccc(cc1)C(=O)c1ccc(cc1)*,{<Oc1ccc(cc1)C(=O)c2ccc(cc2)Oc3ccc(cc3)C(=O)c4ccc(cc4)C(=O)c5ccc(cc5)>},138.8344532
135,*c1sc(nn1)c1cc(ccc1)OCCCCCCCCCCCOC(=O)CCCCC(=O)OCCCCCCCCCCCOc1cc(ccc1)*,{<c1cccc(c1)OCCCCCCCCCCCOC(=O)CCCCC(=O)OCCCCCCCCCCCOc2cccc(c2)c3nnc(s3)>},35.51374296
136,*Nc1c(cc(c(c1)OC)*)OC,{<Nc1cc(OC)c(cc1OC)>},168.2573371
137,*SCSCCCC*,{<CCCCSCS>},1.410869343
138,*c1nc(sc1)NC(=O)NCCCCCCNC(=O)Nc1nc(cs1)c1ccc(cc1)C=C1C(=O)C(=Cc2ccc(cc2)*)CCC1,{<c1ccc(cc1)C=C2CCCC(C2=O)=Cc3ccc(cc3)c4csc(n4)NC(=O)NCCCCCCNC(=O)Nc5nc(cs5)>},47.02441211
139,*N(CC*)C(=O)c1ccc(cc1)C,{<CCN(C(=O)c1ccc(C)cc1)>},87.3045689
140,*n1c(=O)c2cc3c(cc2c1=O)c(=O)n(c3=O)CCCCCC(=O)Oc1ccc(cc1)c1ccc(cc1)OC(=O)CCCCC*,{<CCCCCC(=O)Oc1ccc(cc1)c2ccc(cc2)OC(=O)CCCCCn3c(=O)c4cc5c(=O)n(c(=O)c5cc4c3=O)>},60.41501019
141,*Oc1c(c(c(c(c1[2H])[2H])C(c1c(c(c(c(c1[2H])[2H])OC(=O)*)[2H])[2H])(C([2H])([2H])[2H])C([2H])([2H])[2H])[2H])[2H],{<Oc1c([2H])c([2H])c(c([2H])c1[2H])C(C([2H])([2H])[2H])(C([2H])([2H])[2H])c2c([2H])c([2H])c(c([2H])c2[2H])OC(=O)>},230.9913822
142,*Oc1ccc(cc1)Oc1ccc(cc1)Oc1ccc(cc1)c1ccc(cc1)Oc1ccc(cc1)Oc1ccc(cc1)Oc1c(cc(cc1)C(=O)c1cc(c(cc1)*)S(=O)(=O)O)S(=O)(=O)O,{<Oc1ccc(cc1)Oc2ccc(cc2)Oc3ccc(cc3)c4ccc(cc4)Oc5ccc(cc5)Oc6ccc(cc6)Oc7ccc(cc7S(=O)(=O)O)C(=O)c8ccc(c(S(=O)(=O)O)c8)>},151.7193386
143,*c1c2c(nsn2)c(cc1)c1sc(c(c1)CCCCCC)C=Cc1sc(c(c1CCCCCC)CCCCCC)C=Cc1sc(cc1CCCCCC)*,{<c1cc(CCCCCC)c(s1)C=Cc2sc(c(CCCCCC)c2CCCCCC)C=Cc3sc(cc3CCCCCC)c4ccc(c5nsnc45)>},17.9542177
144,*N1C(=O)c2c(C1=O)c(ccc2)c1cc2c(C(=O)N(C2=O)c2ccc(cc2)C(=O)Nc2ccc(cc2)Oc2ccc(cc2)Oc2ccc(cc2)NC(=O)c2ccc(cc2)*)cc1,{<c1ccc(cc1)C(=O)Nc2ccc(cc2)Oc3ccc(cc3)Oc4ccc(cc4)NC(=O)c5ccc(cc5)N6C(=O)c7ccc(cc7C6=O)c8cccc9c8C(=O)N(C9=O)>},178.6163373
145,*c1cc2n(c3c(c2cc1CCCCCC)cc(c(c3)C=C*)CCCCCC)CCCCCCCC,{<C=Cc1cc2c(cc1CCCCCC)c1cc(CCCCCC)c(cc1n2CCCCCCCC)>},45.45691415
146,*C#CC(=C(*)c1cncnc1)CCCCOC(=O)NCC(=O)OCCCC,{$C#CC(CCCCOC(=O)NCC(=O)OCCCC)=C(c1cncnc1)$},73.99227071
147,*OC(=O)c1ccc(cc1)C(=O)NCCCNC(=O)c1ccc(cc1)C(=O)OCCCCCCCCCC*,{<CCCCCCCCCCOC(=O)c1ccc(cc1)C(=O)NCCCNC(=O)c2ccc(cc2)C(=O)O>},76.72929425
148,*Oc1ccc(cc1)S(=O)(=O)c1ccc(cc1)Oc1c(cc(cc1)C(c1cc(c(cc1)*)[N-][N+]#N)(C)C)[N-][N+]#N,{<Oc1ccc(cc1)S(=O)(=O)c2ccc(cc2)Oc3ccc(cc3[N-][N+]#N)C(C)(C)c4ccc(c([N-][N+]#N)c4)>},181.1592195
149,*c1sc(cc1CCCCCCCC)c1sc(cc1CCCCCC(C(C(C(F)(F)F)(F)F)(F)F)(F)F)*,{<c1cc(CCCCCC(F)(F)C(F)(F)C(F)(F)C(F)(F)F)c(s1)c2cc(CCCCCCCC)c(s2)>},6.476080227
150,*c1c2C(=O)N(C(=O)c2c(c2ccccc12)c1ccc(cc1)Oc1ccc(cc1)S(=O)(=O)c1ccc(cc1)Oc1ccc(cc1)*)c1c(cccc1)F,{<c1ccc(cc1)Oc2ccc(cc2)S(=O)(=O)c3ccc(cc3)Oc4ccc(cc4)c8c6c(C(=O)N(c5ccccc5F)C6=O)c(c7ccccc87)>},314.5599695
151,*NC(=O)CCCCCCCCCCC(=O)NCC1CC(CCC1)C*,{<CC1CCCC(C1)CNC(=O)CCCCCCCCCCC(=O)N>},26.18556129
152,*Nc1ccc(cc1)NC(=O)c1cc(cc(c1)C(C(C(C(F)(F)F)(F)F)(F)F)(F)F)C(=O)*,{<Nc1ccc(cc1)NC(=O)c2cc(cc(C(F)(F)C(F)(F)C(F)(F)C(F)(F)F)c2)C(=O)>},235.6895845
153,*c1c(cc(c(c1)O)O)*,{$c1cc(O)c(O)cc1$},158.9171015
154,*Oc1ccc(cc1)C(=Cc1ccc(cc1)OCCCCCCC*)C,{<CCCCCCCOc1ccc(cc1)C=C(C)c2ccc(cc2)O>},36.76976951
155,*C(=C(*)C)[Si](CC)(C)C,{$C(C)=C([Si](C)(C)CC)$},157.1009863
156,*OC(=O)CCCCCCCC(=O)*,{<OC(=O)CCCCCCCC(=O)>},-68.69432556
157,*OC(=O)c1ccc(cc1)NC(=O)CCCCCCCCCCC(=O)Nc1ccc(cc1)C(=O)OCCCCCCCCCCCC*,{<CCCCCCCCCCCCOC(=O)c1ccc(cc1)NC(=O)CCCCCCCCCCC(=O)Nc2ccc(cc2)C(=O)O>},-26.12929226
158,*c1c(cc(c(c1)OCCCCCCCCCC)*)OCCCCCCCCCC,{<c1cc(OCCCCCCCCCC)c(cc1OCCCCCCCCCC)>},5.423112055
159,*C(C(=O)*)(C)C,{$C(=O)C(C)(C)$},105.8292511
160,*C#CC(=C(*)Cn1c2ccc(cc2c2cc(ccc12)CCCCCCCCCCCCCCCC)CCCCCCCCCCCCCCCC)Cn1c2ccc(cc2c2cc(ccc12)CCCCCCCCCCCCCCCC)CCCCCCCCCCCCCCCC,{$C#CC(Cn1c2ccc(CCCCCCCCCCCCCCCC)cc2c2cc(CCCCCCCCCCCCCCCC)ccc21)=C(Cn1c2ccc(CCCCCCCCCCCCCCCC)cc2c2cc(CCCCCCCCCCCCCCCC)ccc21)$},-2.237818484
161,*C(C*)CCCC(C)C,{$CC(CCCC(C)C)$},5.980301023
162,*N1C(=O)C(CC1=O)Oc1ccc(cc1)N=Cc1ccc(cc1)OC1C(=O)N(C(=O)C1)c1ccc(cc1)Oc1ccc(cc1)*,{<c1ccc(cc1)Oc2ccc(cc2)N3C(=O)CC(C3=O)Oc4ccc(cc4)C=Nc5ccc(cc5)OC6CC(=O)N(C6=O)>},154.6342574
163,*c1nc(nc(n1)Oc1c(cccc1)C(=O)Oc1ccc(cc1)OC(=O)c1c(cccc1)O*)N(CC)c1ccccc1,{<Oc1ccccc1C(=O)Oc1ccc(cc1)OC(=O)c2ccccc2Oc2nc(nc(N(CC)c3ccccc3)n2)>},146.7365026
164,*c1nc2c(n1CCCS(=O)(=O)O)ccc(c2)c1ccc2c(nc(n2CCCS(=O)(=O)O)c2cc(ccc2)*)c1,{<c1cccc(c1)c2nc3cc(ccc3n2CCCS(=O)(=O)O)c4ccc5c(c4)nc(n5CCCS(=O)(=O)O)>},208.6363648
165,*OC(=O)C1C(=O)CC(C(=O)C1)C(=O)OCCCCCC*,{<CCCCCCOC(=O)C1CC(=O)C(CC1=O)C(=O)O>},-36.66445232
166,*Oc1ccc(cc1)C(c1ccc(cc1)Oc1ccc(cc1)C(=O)c1ccc(cc1)*)c1c(cccc1)C(=O)O[Na],{<Oc1ccc(cc1)C(c2ccccc2C(=O)O[Na])c2ccc(cc2)Oc3ccc(cc3)C(=O)c4ccc(cc4)>},169.1341304
167,*N(C(=O)CCCCCCCCCCCCCCCCC(=O)N(Cc1ccc(cc1)C*)CC)CC,{<Cc1ccc(cc1)CN(CC)C(=O)CCCCCCCCCCCCCCCCC(=O)N(CC)>},4.279694171
168,*c1nc(nc(n1)Oc1ccc(cc1)C(c1ccc(cc1)O*)(C)C)OC,{<Oc1ccc(cc1)C(C)(C)c2ccc(cc2)Oc3nc(nc(OC)n3)>},121.2094568
169,*OC(=O)NCc1ccc(cc1)CNC(=O)OCCCCCCCC*,{<CCCCCCCCOC(=O)NCc1ccc(cc1)CNC(=O)O>},-25.31417235
170,*NC(=O)CCCCCCCC(=O)NCCCCCCCCC*,{<CCCCCCCCCNC(=O)CCCCCCCC(=O)N>},9.904824538
171,*N1C(=O)c2c(C1=O)cc(cc2)Oc1cc2c(C(=O)N(C2=O)c2cc(ccc2)Oc2ccc(cc2)S(=O)(=O)c2ccc(cc2)Oc2cc(ccc2)*)cc1,{<c1cccc(c1)Oc2ccc(cc2)S(=O)(=O)c3ccc(cc3)Oc4cccc(c4)N5C(=O)c6ccc(cc6C5=O)Oc7ccc8c(c7)C(=O)N(C8=O)>},199.6619548
172,*c1n(c(cc1)*)CC,{<c1ccc(n1CC)>},112.6054346
173,*OC(=O)CCCCS(=O)(=O)CCCCC(=O)OCCCCCCCCCC*,{<CCCCCCCCCCOC(=O)CCCCS(=O)(=O)CCCCC(=O)O>},37.87494117
174,*c1cc2c(C(=O)N(C2=O)c2ccc(cc2)Oc2ccc(cc2)N2C(=O)c3c(C2=O)cc(cc3)C(=O)N2C3(C(=O)N(C2=O)C(=O)*)CCCCC3)cc1,{<C(=O)N1C(=O)N(C2(CCCCC2)C1=O)C(=O)c2ccc3c(c2)C(=O)N(C3=O)c2ccc(cc2)Oc4ccc(cc4)N5C(=O)c6ccc(cc6C5=O)>},277.0792131
175,*C(=C*)c1c(cccc1)C,{$C=C(c1ccccc1C)$},261.6623551
176,*Oc1cc2C(c3c(c2cc1)ccc(c3)Oc1ccc(cc1)c1c2cc(ccc2c(c2ccccc12)c1ccc(cc1)*)CCC)(c1ccc(cc1)N(c1ccccc1)c1ccccc1)c1ccc(cc1)N(c1ccccc1)c1ccccc1,{<Oc1ccc2c(c1)C(c1ccc(N(c3ccccc3)c3ccccc3)cc1)(c1ccc(N(c3ccccc3)c3ccccc3)cc1)c1cc(ccc12)Oc3ccc(cc3)c4c5ccccc5c(c5ccc(CCC)cc45)c5ccc(cc5)>},187.3941077
177,*SC(=O)CCCCC(=O)SCC*,{<CCSC(=O)CCCCC(=O)S>},-21.91188888
178,*OC(CC*)(C(F)(F)F)C(F)(F)F,{<CCC(C(F)(F)F)(C(F)(F)F)O>},-8.026293088
179,*C(C(*)c1ccccc1)[N+](=O)[O-],{$C(c1ccccc1)C([N+](=O)[O-])$},173.9913454
180,*N1C(=O)c2c(C1=O)cc(cc2)C(c1cc2c(C(=O)N(C2=O)CC(=O)NNC(=O)c2ccc(cc2)C(=O)NNC(=O)C*)cc1)(C(F)(F)F)C(F)(F)F,{<CC(=O)NNC(=O)c1ccc(cc1)C(=O)NNC(=O)CN2C(=O)c3ccc(cc3C2=O)C(C(F)(F)F)(C(F)(F)F)c4ccc5c(c4)C(=O)N(C5=O)>},226.7602549
181,*C(C*)CCCCCCCCCCCCCCCCCCCC,{$CC(CCCCCCCCCCCCCCCCCCCC)$},21.77937998
182,*OS(=O)(=O)c1ccc(cc1)Oc1ccc(cc1)S(=O)(=O)Oc1ccc(cc1)c1ccc(cc1)*,{<OS(=O)(=O)c1ccc(cc1)Oc2ccc(cc2)S(=O)(=O)Oc3ccc(cc3)c4ccc(cc4)>},190.021745
183,*SCCCCCC(=O)NCCc1ccc(cc1)CCNC(=O)CCCCC*,{<CCCCCC(=O)NCCc1ccc(cc1)CCNC(=O)CCCCCS>},-18.01175462
184,*N1CCC(CC1)C(=O)c1c(cc(cc1)C(=O)N1CCC(CC1)CCC*)Oc1ccccc1,{<CCCC1CCN(CC1)C(=O)c2ccc(c(Oc3ccccc3)c2)C(=O)C3CCN(CC3)>},131.1821319
185,*C(C(CC*)(F)F)(Cl)F,{$CCC(F)(F)C(Cl)(F)$},-41.84388225
186,*n1c(=O)c2cc3c(cc2c1=O)c(=O)n(c3=O)CC(=O)OCCCCCCOC(=O)C*,{<CC(=O)OCCCCCCOC(=O)Cn1c(=O)c2cc3c(=O)n(c(=O)c3cc2c1=O)>},55.49864746
187,*c1oc(cc1)Sc1oc(cc1)C=Nc1cc(ccc1)N=C*,{<C=Nc1cccc(c1)N=Cc2ccc(o2)Sc3ccc(o3)>},122.5813993
188,*C(C*)S(=O)c1ccccc1,{$CC(S(=O)c1ccccc1)$},137.9705527
189,*OC(=O)c1cc(c(cc1)C(=O)Nc1ccc(cc1)C(c1ccc(cc1)C(c1ccc(cc1)NC(=O)c1c(ccc(c1)C(=O)OCCN(CC*)CCCCOc1ccc(cc1)N=Nc1ccc(cc1)CCCCCC)C(=O)O)(C)C)(C)C)C(=O)O,{<CCN(CCCCOc1ccc(N=Nc2ccc(CCCCCC)cc2)cc1)CCOC(=O)c1ccc(C(=O)O)c(c1)C(=O)Nc2ccc(cc2)C(C)(C)c3ccc(cc3)C(C)(C)c4ccc(cc4)NC(=O)c5ccc(cc5C(=O)O)C(=O)O>},82.18427933
190,*=C=C=C(C(=*)COC(=O)NCC)COC(=O)NCC,{$=C=C=C(COC(=O)NCC)C(COC(=O)NCC)=$},172.0633872
191,*Oc1ccc(cc1)c1ccc(cc1)OCCCCCCOC(=O)Nc1c(ccc(c1)NC(=O)OCCCCOC(=O)Nc1cc(c(cc1)C)NC(=O)OCCCCCC*)C,{<CCCCCCOC(=O)Nc1cc(ccc1C)NC(=O)OCCCCOC(=O)Nc2ccc(C)c(c2)NC(=O)OCCCCCCOc3ccc(cc3)c4ccc(cc4)O>},41.49405569
192,*c1sc(c(c1C#N)C#N)N=Cc1ccc(cc1)C=N*,{<N=Cc1ccc(cc1)C=Nc2sc(c(C#N)c2C#N)>},204.4271705
193,*c1cc2c(C(=O)N(C2=O)c2ccc(cc2)Oc2ccc(cc2)Oc2ccc(cc2)Oc2ccc(cc2)N2C(=O)c3c(C2=O)cc(cc3)C(=O)*)cc1,{<C(=O)c1ccc2c(c1)C(=O)N(C2=O)c1ccc(cc1)Oc3ccc(cc3)Oc4ccc(cc4)Oc5ccc(cc5)N6C(=O)c7ccc(cc7C6=O)>},126.2551791
194,*c1cc2c(C(=O)N(C2=O)c2cc(ccc2)P(=O)(c2cc(ccc2)N2C(=O)c3c(C2=O)cc(cc3)C(=O)N2C(=O)N(C(=O)C2(C)C)C(=O)*)c2ccccc2)cc1,{<C(=O)N1C(=O)N(C(C)(C)C1=O)C(=O)c2ccc3c(c2)C(=O)N(C3=O)c2cccc(c2)P(=O)(c4ccccc4)c4cccc(c4)N5C(=O)c6ccc(cc6C5=O)>},138.7903633
195,*OCOCCCCCC*,{<CCCCCCOCO>},-41.68464364
196,*Oc1ccc(cc1)OC(=O)c1c(cc(c(c1)OCCCCCCCCCCCCCCCC)C(=O)*)OCCCCCCCCCCCCCCCC,{<Oc1ccc(cc1)OC(=O)c2cc(OCCCCCCCCCCCCCCCC)c(cc2OCCCCCCCCCCCCCCCC)C(=O)>},77.98044592
197,*c1sc(cc1)/C=C/c1ccc(cc1)N(c1ccc(cc1)N(c1ccc(cc1)/C=C/c1sc(cc1)/C=C(/C(=O)Nc1cc(ccc1)NC(=O)/C(=C/*)/C#N)\C#N)c1ccccc1)c1ccccc1,{</C=C(\C#N)C(=O)Nc1cccc(c1)NC(=O)/C(C#N)=C/c2ccc(s2)/C=C/c3ccc(cc3)N(c4ccccc4)c4ccc(cc4)N(c5ccccc5)c5ccc(cc5)/C=C/c6ccc(s6)>},243.9892983
198,*N(c1ccc(cc1)Cc1ccc(cc1)N(C(=O)c1ccc(cc1)C(=O)*)CCC)CCC,{<C(=O)c1ccc(cc1)C(=O)N(CCC)c2ccc(cc2)Cc3ccc(cc3)N(CCC)>},173.7390032
199,*Oc1ccc(cc1)C(c1ccc(cc1)OCC#CC#CC*)(C)C,{<CC#CC#CCOc1ccc(cc1)C(C)(C)c2ccc(cc2)O>},48.046331
200,*NC(=O)C(C(C(=O)NCCCCCC*)O)O,{<CCCCCCNC(=O)C(O)C(O)C(=O)N>},149.1553302
201,*NC(=O)CCCCCC(=O)NCc1ccc(cc1)C*,{<Cc1ccc(cc1)CNC(=O)CCCCCC(=O)N>},61.73836642
202,*Nc1c(c(c(cc1)*)Cl)Cl,{<Nc1ccc(c(Cl)c1Cl)>},115.5762842
203,*NC(=O)C(C(=O)NCCCCCCCCCC*)CCCCCCCCCCCC,{<CCCCCCCCCCNC(=O)C(CCCCCCCCCCCC)C(=O)N>},-0.868265132
204,*N1C(=O)c2c(C1=O)c(c(c(c2F)F)Oc1c(c(c(c(c1F)F)Oc1c(c2c(C(=O)N(C2=O)c2ccc(cc2)Oc2ccc(cc2)*)c(c1F)F)F)F)F)F,{<c1ccc(cc1)Oc2ccc(cc2)N3C(=O)c4c(F)c(F)c(c(F)c4C3=O)Oc5c(F)c(F)c(c(F)c5F)Oc6c(F)c(F)c7c(c6F)C(=O)N(C7=O)>},283.2696326
205,*C1(c2c(C(=O)O1)cccc2)c1cc(c(c(c1)Br)OC(=O)c1cc(ccc1)C(=O)Oc1c(cc(cc1Br)*)Br)Br,{<c1cc(Br)c(c(Br)c1)OC(=O)c2cccc(c2)C(=O)Oc3c(Br)cc(cc3Br)C4(OC(=O)c5ccccc54)>},245.9668197
206,*OC(=O)CCCCSCCCCC(=O)OCCCCCCCCCC*,{<CCCCCCCCCCOC(=O)CCCCSCCCCC(=O)O>},-22.30064955
207,*OC(=O)c1c(cccc1)C(=O)OCc1ccc(cc1)C*,{<Cc1ccc(cc1)COC(=O)c2ccccc2C(=O)O>},95.33964688
208,*C=CCC(CC*)(C(=O)OC)C,{$C=CCC(C)(C(=O)OC)CC$},-28.15217408
209,*O[Si](*)(CCCCCOc1ccc(cc1)OC(=O)c1ccc(cc1)OCCCC)C,{<O[Si](CCCCCOc1ccc(OC(=O)c2ccc(OCCCC)cc2)cc1)(C)>},-64.12566312
210,*Nc1ccc(cc1)CCc1ccc(cc1)NC(=O)c1ccc(cc1)C(=O)*,{<Nc1ccc(cc1)CCc2ccc(cc2)NC(=O)c3ccc(cc3)C(=O)>},245.2414672
211,*=NN=CC#C[Si](C#CC=*)(c1ccccc1)c1ccccc1,{<=CC#C[Si](c1ccccc1)(c1ccccc1)C#CC=NN=>},131.2577432
212,*Oc1ccc(cc1)C(=O)OCCOCCOCCOC(=O)c1ccc(cc1)OC(=O)Nc1c(ccc(c1)NC(=O)*)C,{<Oc1ccc(cc1)C(=O)OCCOCCOCCOC(=O)c2ccc(cc2)OC(=O)Nc3cc(ccc3C)NC(=O)>},100.4455143
213,*Oc1ccc(cc1)c1ccc(cc1)OC(=O)c1c(cc(cc1)C(=O)*)Oc1ccc(cc1)C(c1ccccc1)(C)C,"{<Oc1ccc(cc1)c2ccc(cc2)O<,>C(=O)c3ccc(cc3Oc3ccc(C(C)(C)c4ccccc4)cc3)C(=O)>}",135.0490958
214,*OC(=O)NCCSCCCCCSCCNC(=O)OCCCC*,{<CCCCOC(=O)NCCSCCCCCSCCNC(=O)O>},3.000872148
215,*Oc1cc(ccc1)OC(=O)c1cc(c(c(c1)C(C)(C)C)OC(=O)c1ccc(cc1)C(=O)Oc1c(cc(cc1C(C)(C)C)C(=O)*)C(C)(C)C)C(C)(C)C,{<Oc1cccc(c1)OC(=O)c2cc(C(C)(C)C)c(c(C(C)(C)C)c2)OC(=O)c3ccc(cc3)C(=O)Oc4c(C(C)(C)C)cc(cc4C(C)(C)C)C(=O)>},135.2011857
216,*Oc1ccc(cc1)C(c1ccc(cc1)OC(=O)*)(CCCC)C,"{<Oc1ccc(cc1)C(C)(CCCC)c2ccc(cc2)O<,>C(=O)>}",118.8361345
217,*c1cc2n3c(nc2cc1)c1ccc(cc1C3=O)Oc1cc2c3n(c4ccc(cc4n3)O*)C(=O)c2cc1,{<Oc1ccc2c(c1)nc1n2C(=O)c2ccc(cc21)Oc3ccc4c(c3)C(=O)n3c4nc4ccc(cc43)>},291.281809
218,*Oc1c(cc(cc1)OC(=O)Oc1ccc(cc1)OC(=O)*)C,{<Oc1ccc(cc1C)OC(=O)Oc2ccc(cc2)OC(=O)>},120.5520321
219,*N1C(=O)c2c(C1=O)c(ccc2)c1cc2c(C(=O)N(C2=O)c2ccc(cc2)OCCCCCCCCCOc2ccc(cc2)*)cc1,{<c1ccc(cc1)OCCCCCCCCCOc2ccc(cc2)N3C(=O)c4ccc(cc4C3=O)c5cccc6c5C(=O)N(C6=O)>},47.98864595
220,*C1OC(CO1)COCC1OC(OC1)CCCCCCCC(=O)OCCOC(=O)CCCCCCC*,{<CCCCCCCC(=O)OCCOC(=O)CCCCCCCC1OCC(O1)COCC2COC(O2)>},-2.553202642
221,*Oc1ccc(cc1)Oc1ccc(cc1)Oc1ccc(cc1)OC(=O)c1ccc(cc1)C(=O)*,{<Oc1ccc(cc1)Oc2ccc(cc2)Oc3ccc(cc3)OC(=O)c4ccc(cc4)C(=O)>},136.3718208
222,*C(C(=O)C*)c1ccc(cc1)C,{$CC(=O)C(c1ccc(C)cc1)$},67.57313464
223,*C(C*)C(=O)OCC1(COC(OC1)(C)C)C,{$CC(C(=O)OCC1(C)COC(C)(C)OC1)$},95.74104893
224,*Oc1c(cc(cc1)C=C1C(=O)C(=Cc2cc(c(cc2)OCCCC*)OC)CC1)OC,{<CCCCOc1ccc(cc1OC)C=C2CCC(C2=O)=Cc3ccc(c(OC)c3)O>},36.19808899
225,*N=C1c2ccccc2C(=Nc2ccc(cc2)*)c2ccccc12,{<N=C1c2ccccc2C(c2ccccc21)=Nc2ccc(cc2)>},158.2579262
226,*NC(=O)CCCCCCCCCCCCCCCC*,{<CCCCCCCCCCCCCCCCC(=O)N>},15.38660594
227,*Nc1cc(ccc1)NC(=O)CCCCCC(=O)*,{<Nc1cccc(c1)NC(=O)CCCCCC(=O)>},-12.07623639
228,*c1cc2c(cc1)cc(cc2)*,{<c1ccc2cc(ccc2c1)>},239.5402998
229,*c1ncc(cc1)c1ccc(nc1)*,{<c1ccc(cn1)c2ccc(nc2)>},138.2497069
230,*C(C*)n1c2ccc(cc2c2cc(ccc12)Br)Br,{$CC(n1c2ccc(Br)cc2c2cc(Br)ccc21)$},115.6170166
231,*c1cc2c(C(=O)N(C2=O)c2ccc(cc2)Oc2ccc(cc2)N2C(=O)c3c(C2=O)cc(cc3)c2ccc(cc2)c2ccc(cc2)*)cc1,{<c1ccc(cc1)c2ccc(cc2)c3ccc4c(c3)C(=O)N(C4=O)c3ccc(cc3)Oc5ccc(cc5)N6C(=O)c7ccc(cc7C6=O)>},357.2965065
232,*c1cc2c(C(=O)N(C2=O)c2ccc(cc2)c2ccc(cc2)c2ccc(cc2)N2C(=O)c3c(C2=O)cc(cc3)C(*)(C(F)(F)F)C(F)(F)F)cc1,{<c1ccc2c(c1)C(=O)N(C2=O)c1ccc(cc1)c3ccc(cc3)c4ccc(cc4)N5C(=O)c6ccc(cc6C5=O)C(C(F)(F)F)(C(F)(F)F)>},302.652739
233,*OC(=O)NC1C(C1)NC(=O)OCCCC*,{<CCCCOC(=O)NC1CC1NC(=O)O>},47.31586772
234,*Oc1ccc(cc1)S(=O)(=O)c1ccc(cc1)Oc1c(cc(cc1C)C1C(CC(CC1)C(c1cc(c(c(c1)C)*)C)(C)C)C)C,{<Oc1ccc(cc1)S(=O)(=O)c2ccc(cc2)Oc3c(C)cc(cc3C)C4CCC(CC4C)C(C)(C)c5cc(C)c(c(C)c5)>},250.477212
235,*C1C(=O)N(C(=O)C1*)c1ccccc1,{<C1C(=O)N(c2ccccc2)C(=O)C1>},197.1821336
236,*[Si](c1ccc(cc1)*)(C)C,{<c1ccc(cc1)[Si](C)(C)>},126.7080905
237,*Nc1c(c(c(c(c1[2H])[2H])*)[2H])[2H],{<Nc1c([2H])c([2H])c(c([2H])c1[2H])>},235.370823
238,*C1c2c(C(C=C1)C=C*)cc(cc2)CCCCCC,{$C=CC1C=CC(c2ccc(CCCCCC)cc21)$},9.704073219
239,*c1ccc2n(c3c(c2c1)cc(cc3)/C=C/c1ccc(cc1)Oc1c(cc(cc1)c1ccc(cc1)c1ccc(cc1)c1cc(c(cc1)Oc1ccc(cc1)/C=C/*)C#N)C#N)CC(CCCC)CC,{</C=C/c1ccc(cc1)Oc2ccc(cc2C#N)c3ccc(cc3)c4ccc(cc4)c5ccc(c(C#N)c5)Oc6ccc(cc6)/C=C/c7ccc8c(c7)c7cc(ccc7n8CC(CC)CCCC)>},129.2206103
240,*c1sc(c(c1OCCCCCCC)C)*,{<c1sc(c(OCCCCCCC)c1C)>},32.04437108
241,*OC(=O)C(=O)OCCCCCCCCCC*,{<CCCCCCCCCCOC(=O)C(=O)O>},-65.08541819
242,*C=CC(C(*)C)C,{$C=CC(C)C(C)$},78.17880502
243,*N1C(=O)c2c(C1=O)cc(cc2)Oc1cc2c(C(CC2(C)C)(c2ccc(cc2)Oc2cc3c(C(=O)N(C3=O)c3cc(ccc3)N3C(=O)c4c(C3=O)cc(cc4)Oc3ccc(cc3)C3(CC(c4c3cc(cc4)Oc3cc4c(C(=O)N(C4=O)c4cc(ccc4)*)cc3)(C)C)C)cc2)C)cc1,{<c1cccc(c1)N2C(=O)c3ccc(cc3C2=O)Oc4ccc5c(c4)C(C)(CC5(C)C)c4ccc(cc4)Oc6ccc7c(c6)C(=O)N(C7=O)c6cccc(c6)N8C(=O)c9ccc(cc9C8=O)Oc%10ccc(cc%10)C%11(C)CC(C)(C)c%12cc(ccc%12%11)Oc%13ccc%14c(c%13)C(=O)N(C%14=O)>},231.956044
244,*=C1SC(=S)N(C1=O)c1ccc(cc1)N1C(=S)SC(=Cc2ccc(cc2)C=*)C1=O,{<=Cc1ccc(cc1)C=C2SC(=S)N(C2=O)c3ccc(cc3)N4C(=O)C(SC4=S)=>},187.1036635
245,*Nc1c(cc(c(c1)C(=O)O)*)OC,{<Nc1cc(C(=O)O)c(cc1OC)>},93.18891585
246,*NNC(=O)CCCCC(=O)NNC(=O)CCCCCCCC(=O)*,{<NNC(=O)CCCCC(=O)NNC(=O)CCCCCCCC(=O)>},101.0022623
247,*n1c(=O)c2sc3c(sc2c1=O)c(=O)n(c3=O)c1ccc(cc1)C(=O)Nc1ccc(cc1)NC(=O)c1ccc(cc1)*,{<c1ccc(cc1)C(=O)Nc2ccc(cc2)NC(=O)c3ccc(cc3)n4c(=O)c5sc6c(=O)n(c(=O)c6sc5c4=O)>},327.2441987
248,*C1CC(CC1)C*,{<CC1CCC(C1)>},42.35931484
249,*Nc1ccc(cc1)NC(=O)c1c(cc(c(c1)C(=O)O)C(=O)*)C(=O)O,{<Nc1ccc(cc1)NC(=O)c2cc(C(=O)O)c(cc2C(=O)O)C(=O)>},240.3936293
250,*NNC(=O)c1cc(ccc1)C(=O)*,{<NNC(=O)c1cccc(c1)C(=O)>},232.2266265
251,*c1sc(c(c1CCCCCCCCCCCC)CCCCCCCCCCCC)c1sc(cc1)c1sc(cc1)*,{<c1ccc(s1)c2ccc(s2)c3sc(c(CCCCCCCCCCCC)c3CCCCCCCCCCCC)>},14.60597757
252,*C(C*)C(=O)NCC,{$CC(C(=O)NCC)$},55.10481694
253,*Oc1c(cc(cc1C(C)(C)C)C(=O)*)C(C)(C)C,{<Oc1c(C(C)(C)C)cc(cc1C(C)(C)C)C(=O)>},206.7951116
254,*OS(=O)(=O)c1ccc(cc1)c1ccc(cc1)S(=O)(=O)Oc1c(cc(cc1Br)C1(CCCCC1)c1cc(c(c(c1)Br)*)Br)Br,{<OS(=O)(=O)c1ccc(cc1)c2ccc(cc2)S(=O)(=O)Oc3c(Br)cc(cc3Br)C4(CCCCC4)c5cc(Br)c(c(Br)c5)>},268.4647521
255,*C(C*)C(=O)NCCCCCCCCCCCC,{$CC(C(=O)NCCCCCCCCCCCC)$},21.73577755
256,*N(c1ccc(cc1)*)CCCCCC,{<c1ccc(cc1)N(CCCCCC)>},-128.6299242
257,*Oc1c(cc(cc1)C(c1cc(c(cc1)OC(=O)c1cc(ccc1)C(=O)*)[N+](=O)[O-])(CCC(=O)O)C)[N+](=O)[O-],{<Oc1ccc(cc1[N+](=O)[O-])C(C)(CCC(=O)O)c2ccc(c([N+](=O)[O-])c2)OC(=O)c3cccc(c3)C(=O)>},127.0784722
258,*c1ncc(cc1)C(=O)NNC(=O)*,{<C(=O)NNC(=O)c1ccc(nc1)>},135.1836518
259,*c1n(c(cc1)*)C(C(=O)NO)n1ccc2c1cccc2,{<c1ccc(n1C(C(=O)NO)n1ccc2ccccc21)>},180.3082327
260,*N=Nc1ccc(cc1)*,{<N=Nc1ccc(cc1)>},144.6951233
261,*c1sc2c(c1)sc(c2)c1sc(cc1CCCCCCCCCCBr)c1sc(c(c1)CCCCCCCCCCBr)*,{<c1cc2sc(cc2s1)c3sc(cc3CCCCCCCCCCBr)c4cc(CCCCCCCCCCBr)c(s4)>},24.95900908
262,*C(CC(C*)c1ccccc1)(C(=O)OC)C#N,{$CC(c1ccccc1)CC(C(=O)OC)(C#N)$},127.0156605
263,*=C=C=C(C(=*)COS(=O)(=O)c1ccc(cc1)OC)COS(=O)(=O)c1ccc(cc1)OC,{$=C=C=C(COS(=O)(=O)c1ccc(OC)cc1)C(COS(=O)(=O)c1ccc(OC)cc1)=$},55.30555285
264,*c1c(cc(c(c1)OCCCCCCCCCC)C#C*)OCCCCCCCCCC,{<C#Cc1cc(OCCCCCCCCCC)c(cc1OCCCCCCCCCC)>},61.85443636
265,*OCCCC(=O)NCCCCCCNC(=O)CCCCCC*,{<CCCCCCC(=O)NCCCCCCNC(=O)CCCO>},1.467345964
266,*c1cncc(c1)C(=O)NCCCCCCCCCCNC(=O)*,{<C(=O)NCCCCCCCCCCNC(=O)c1cncc(c1)>},85.60365033
267,*C(C(C(C(*)(F)F)(F)F)(F)F)(C(F)(F)F)F,{$C(F)(F)C(F)(F)C(F)(F)C(C(F)(F)F)(F)$},-86.88823628
268,*Oc1cc(ccc1)C(=O)NNC(=O)c1cc(ccc1)C(=O)NNC(=O)CC*,{<CCC(=O)NNC(=O)c1cccc(c1)C(=O)NNC(=O)c2cccc(c2)O>},234.2133464
269,*Oc1cc(ccc1)NC(=O)c1ccc(cc1)C(c1ccc(cc1)C(=O)Nc1ccc(cc1)*)(C(F)(F)F)C(F)(F)F,{<Oc1cccc(c1)NC(=O)c2ccc(cc2)C(C(F)(F)F)(C(F)(F)F)c3ccc(cc3)C(=O)Nc4ccc(cc4)>},157.6228264
270,*c1n(c(nn1)CCCCCCCC*)N,{<CCCCCCCCc1nnc(n1N)>},-41.92176029
271,*c1nc2c([nH]1)cc(cc2)c1cc2c(nc([nH]2)c2ccc(cc2)NC(=O)c2ccc(cc2)C(=O)Nc2ccc(cc2)*)cc1,{<c1ccc(cc1)NC(=O)c2ccc(cc2)C(=O)Nc3ccc(cc3)c4nc5ccc(cc5[nH]4)c6ccc7nc([nH]c7c6)>},358.667269
272,*Nc1c(cc(cc1Cl)*)Cl,{<Nc1c(Cl)cc(cc1Cl)>},-0.214281278
273,*c1ccc2n(c3c(c2c1)cc(cc3)N=Cc1sc(cc1)c1sc(cc1)C=N*)CCCCCC,{<N=Cc1ccc(s1)c2ccc(s2)C=Nc3ccc4c(c3)c3cc(ccc3n4CCCCCC)>},95.07860424
274,*N1C2(CCCC2)C(=O)N(C1=O)C(=O)c1ccc(cc1)N=Nc1ccc(cc1)C(=O)*,{<C(=O)c1ccc(cc1)N=Nc2ccc(cc2)C(=O)N3C(=O)N(C4(CCCC4)C3=O)>},17.25361376
275,*P(=Nc1ccc(cc1)N=P(CC*)(Cl)Cl)(Cl)Cl,{<CCP(Cl)(Cl)=Nc1ccc(cc1)N=P(Cl)(Cl)>},-27.34500252
276,*Nc1c(cc(c(c1)SCCC#N)NC(=O)c1cc(ccc1)C(=O)*)SCCC#N,{<Nc1cc(SCCC#N)c(cc1SCCC#N)NC(=O)c2cccc(c2)C(=O)>},38.16065966
277,*C(C*)(c1ccc(cc1)OC(=O)CC)OC(=O)C,{$CC(c1ccc(OC(=O)CC)cc1)(OC(C)=O)$},2.162388076
278,*C1C(=O)N(C(=O)C1C(C*)c1ccccc1)CCCCCCCC,{<CC(c1ccccc1)C1C(=O)N(CCCCCCCC)C(=O)C1>},105.6965321
279,*c1sc2cc3c(cc2n1)sc(n3)CCCCC*,{<CCCCCc1nc2cc3sc(nc3cc2s1)>},87.36313445
280,*NC(C(=O)*)CCC(=O)OCCCCCCCCCCCC,{<NC(CCC(=O)OCCCCCCCCCCCC)C(=O)>},30.09586697
281,*NC(C(=O)*)CO,{<NC(CO)C(=O)>},84.57547927
282,*Nc1c(cccc1)NC(=O)CCCCCCC(=O)*,{<Nc1ccccc1NC(=O)CCCCCCC(=O)>},71.92438381
283,*Oc1c(cc(cc1)C=Cc1ccc(cc1)C=Cc1cc(c(cc1)OC(=O)CCCCCCCCC(=O)*)C)C,{<Oc1ccc(cc1C)C=Cc2ccc(cc2)C=Cc3ccc(c(C)c3)OC(=O)CCCCCCCCC(=O)>},35.47523522
284,*c1c2c(nccn2)c(cc1)*,{<c1ccc(c2nccnc12)>},216.378732
285,*Oc1ccc(cc1)Oc1ccc(cc1)C(=O)Nc1ccc(cc1)Oc1ccc(cc1)c1ccc(cc1)Oc1ccc(cc1)NC(=O)c1ccc(cc1)*,{<Oc1ccc(cc1)Oc2ccc(cc2)C(=O)Nc3ccc(cc3)Oc4ccc(cc4)c5ccc(cc5)Oc6ccc(cc6)NC(=O)c7ccc(cc7)>},165.0428244
286,*OP(=O)(OCCCCCCCCCCOc1ccc(cc1)C=Cc1ccc(cc1)OCCCCCCCCCC*)OCCCCCCCCCCOc1ccc(cc1)N=Nc1ccc(cc1)F,{<CCCCCCCCCCOc1ccc(cc1)C=Cc2ccc(cc2)OCCCCCCCCCCOP(=O)(OCCCCCCCCCCOc3ccc(N=Nc4ccc(F)cc4)cc3)O>},-7.2122695
287,*c1cc2c(C(=O)N(C2=O)c2ccc(cc2)OCCCOc2ccc(cc2)N2C(=O)c3c(C2=O)cc(cc3)C(=O)Nc2ccc(cc2)S(=O)(=O)c2ccc(cc2)NC(=O)*)cc1,{<C(=O)Nc1ccc(cc1)S(=O)(=O)c2ccc(cc2)NC(=O)c3ccc4c(c3)C(=O)N(C4=O)c3ccc(cc3)OCCCOc5ccc(cc5)N6C(=O)c7ccc(cc7C6=O)>},163.1829015
288,*OC(=O)c1ccc(cc1)C(=O)NCCCCCCNC(=O)c1ccc(cc1)C(=O)OCCCCCCCCCC*,{<CCCCCCCCCCOC(=O)c1ccc(cc1)C(=O)NCCCCCCNC(=O)c2ccc(cc2)C(=O)O>},-20.66610996
289,*NNC(=O)c1ccc(cc1)NC(=O)c1cc(cc(c1)N1C(=O)c2c(C1=O)c(c(c(c2Cl)Cl)Cl)Cl)C(=O)*,{<NNC(=O)c1ccc(cc1)NC(=O)c2cc(cc(N3C(=O)c4c(Cl)c(Cl)c(Cl)c(Cl)c4C3=O)c2)C(=O)>},133.1528291
290,*N=P(*)(OCCC(=O)C=C)OCCC(=O)C=C,{<N=P(OCCC(=O)C=C)(OCCC(=O)C=C)>},-42.12432011
291,*S(=O)(=O)c1ccc(cc1)c1ccc(cc1)*,{<c1ccc(cc1)c2ccc(cc2)S(=O)(=O)>},229.0539301
292,*c1cc2c(C(=O)N(C2=O)c2ccc(cc2)S(=O)(=O)c2ccc(cc2)N2C(=O)c3c(C2=O)cc(cc3)C(=O)N2C(=O)N(C(=O)C2(CC)C)C(=O)*)cc1,{<C(=O)N1C(=O)N(C(C)(CC)C1=O)C(=O)c2ccc3c(c2)C(=O)N(C3=O)c2ccc(cc2)S(=O)(=O)c4ccc(cc4)N5C(=O)c6ccc(cc6C5=O)>},242.6534046
293,*OP(=O)(OCCCCCCCCCCOc1ccc(cc1)C=Cc1ccc(cc1)OCCCCCCCCCC*)OCCCCCCCCCCOc1ccc(cc1)N=Nc1ccc(cc1)C,{<CCCCCCCCCCOc1ccc(cc1)C=Cc2ccc(cc2)OCCCCCCCCCCOP(=O)(OCCCCCCCCCCOc3ccc(N=Nc4ccc(C)cc4)cc3)O>},5.817024886
294,*NC(CCCCNC(=O)NCCCCNC(=O)*)C(=O)OC,{<NC(C(=O)OC)CCCCNC(=O)NCCCCNC(=O)>},0.336556425
295,*C(=C*)c1nc2c(n1C)cccc2,{$C=C(c1nc2ccccc2n1C)$},-6.104199835
296,*Oc1ccc(cc1)N=Nc1ccc(cc1)*,{<Oc1ccc(cc1)N=Nc2ccc(cc2)>},116.9759489
297,*c1nc(nc(n1)NC(=O)c1c(cc(c(c1)C(=O)N*)C(=O)O)C(=O)OC(=O)Nc1c(ccc(c1)NC(=O)OCCCCCCCC)C)c1ccccc1,{<NC(=O)c1cc(c(C(=O)OC(=O)Nc2cc(NC(=O)OCCCCCCCC)ccc2C)cc1C(=O)O)C(=O)Nc2nc(nc(c3ccccc3)n2)>},-1.691479041
298,*c1[nH]c2cc3c(cc2n1)nc([nH]3)c1ccc(cc1)*,{<c1ccc(cc1)c2nc3cc4nc([nH]c4cc3[nH]2)>},340.5865983
299,*OC(=O)Cc1ccc(cc1)CC(=O)OCCCC*,{<CCCCOC(=O)Cc1ccc(cc1)CC(=O)O>},-34.10658315
300,*SC(=O)NCCCCCCNC(=O)SCCCC*,{<CCCCSC(=O)NCCCCCCNC(=O)S>},-33.13797704
301,*c1c(cc(c(c1)OC)*)OC,{<c1cc(OC)c(cc1OC)>},63.90036252
302,*N(CC*)C(=O)CCC(C(C(C(C(C(F)(F)F)(F)F)(F)F)(F)F)(F)F)(F)F,{<CCN(C(=O)CCC(F)(F)C(F)(F)C(F)(F)C(F)(F)C(F)(F)C(F)(F)F)>},-52.64825421
303,*OC(=O)c1c(cccc1)NC(=O)c1ccc(cc1)C(=O)Nc1c(cccc1)C(=O)OC(=O)c1cc(ccc1)C(=O)*,{<OC(=O)c1ccccc1NC(=O)c1ccc(cc1)C(=O)Nc2ccccc2C(=O)OC(=O)c2cccc(c2)C(=O)>},185.0999075
304,*c1sc(cc1CCCCCCCC)Nc1ccc(cc1)*,{<c1ccc(cc1)Nc2cc(CCCCCCCC)c(s2)>},49.50827798
305,*n1c(=O)c2cc3c(cc2c1=O)c(=O)n(c3=O)c1ccc(cc1)c1ccc(cc1)c1ccc(cc1)*,{<c1ccc(cc1)c2ccc(cc2)c3ccc(cc3)n4c(=O)c5cc6c(=O)n(c(=O)c6cc5c4=O)>},278.5221779
306,*n1c(=O)c2c(c3c(c(c2c1=O)F)c(=O)n(c3=O)c1ccc(cc1)*)F,{<c1ccc(cc1)n2c(=O)c3c(F)c4c(=O)n(c(=O)c4c(F)c3c2=O)>},337.816724
307,*OC(=O)c1ccc(cc1)C(=O)NCCNC(=O)c1ccc(cc1)C(=O)OCCCCCCCCCC*,{<CCCCCCCCCCOC(=O)c1ccc(cc1)C(=O)NCCNC(=O)c2ccc(cc2)C(=O)O>},4.250402609
308,*NC(=O)NC(=O)NCc1c(c(cc(c1)Cc1c(c(cc(c1)C*)C=O)O)C=O)O,{<Cc1cc(C=O)c(O)c(c1)Cc2cc(C=O)c(O)c(c2)CNC(=O)NC(=O)N>},190.6072154
309,*OC(=O)C(C*)(CCCC)CCCC,{<CC(CCCC)(CCCC)C(=O)O>},-17.98562642
310,*C1(C(=O)C(CCC1)C*)CO,{<CC1CCCC(C1=O)(CO)>},71.70468573
311,*N1C(=O)c2c(C1=O)cc(cc2)Oc1ccc(cc1)Oc1cc2c(C(=O)N(C2=O)c2ccc(cc2)Oc2ccc(cc2)Oc2ccc(cc2)*)cc1,"{<c1ccc(cc1)Oc2ccc(cc2)Oc3ccc(cc3)<,>N4C(=O)c5ccc(cc5C4=O)Oc6ccc(cc6)Oc7ccc8c(c7)C(=O)N(C8=O)>}",191.2304459
312,*C(=C*)c1cc(c(c(c1)CO)OCc1ccc(cc1)CNC(COCCCCCCCC)C)CO,{$C=C(c1cc(CO)c(OCc2ccc(CNC(C)COCCCCCCCC)cc2)c(CO)c1)$},65.78481038
313,*n1c(=O)c2cc3c(cc2c1=O)c(=O)n(c3=O)CCCCCCCCCCCC*,{<CCCCCCCCCCCCn1c(=O)c2cc3c(=O)n(c(=O)c3cc2c1=O)>},73.37639604
314,*c1sc2cc3c(cc2n1)sc(n3)c1ccc(cc1)c1ccc(cc1)*,{<c1ccc(cc1)c2ccc(cc2)c3nc4cc5sc(nc5cc4s3)>},343.9030515
315,*c1sc(cc1COCCCCCCOc1ccc(cc1)c1ccc(cc1)C#N)*,{<c1cc(COCCCCCCOc2ccc(c3ccc(C#N)cc3)cc2)c(s1)>},59.88076613
316,*Nc1ccc(cc1)CC(=O)*,{<Nc1ccc(cc1)CC(=O)>},63.68828699
317,*C(C*)C(=O)N(c1ccccc1)O,{$CC(C(=O)N(O)c1ccccc1)$},141.1832818
318,*Oc1c(cc(cc1)OC(=O)c1ccc(cc1)C(=O)*)c1ccccc1,"{<Oc1ccc(cc1c1ccccc1)O<,>C(=O)c2ccc(cc2)C(=O)>}",65.88587862
319,*OC(CC(=O)*)C(C)C,{<OC(C(C)C)CC(=O)>},-24.82439314
320,*NC(C(=O)*)CC(=O)OCc1ccccc1,{<NC(CC(=O)OCc1ccccc1)C(=O)>},70.10647363
321,*c1c(c(cc(c1)N=Nc1ccc(cc1)[N+](=O)[O-])*)O,{<c1cc(N=Nc2ccc([N+](=O)[O-])cc2)cc(c1O)>},165.6801535
322,*OCCCCC(=O)NCCCCCCNC(=O)CCCC*,{<CCCCC(=O)NCCCCCCNC(=O)CCCCO>},-56.49395983
323,*=C=C=C(C(=*)CCCCOC(=O)NC(=O)OCCCC)CCCCOC(=O)NC(=O)OCCCC,{$=C=C=C(CCCCOC(=O)NC(=O)OCCCC)C(CCCCOC(=O)NC(=O)OCCCC)=$},27.51087357
324,*Oc1cc(c(cc1)S(=O)(=O)c1ccc(cc1)Oc1ccc(cc1)C(c1ccc(cc1)*)(C)C)[N-][N+]#N,{<Oc1ccc(c([N-][N+]#N)c1)S(=O)(=O)c2ccc(cc2)Oc3ccc(cc3)C(C)(C)c4ccc(cc4)>},196.3053138
325,*c1sc(nn1)SCC(=O)NN=Cc1ccc(cc1)OCCCCOc1ccc(cc1)C=NNC(=O)CS*,{<SCC(=O)NN=Cc1ccc(cc1)OCCCCOc2ccc(cc2)C=NNC(=O)CSc3nnc(s3)>},39.79677892
326,*OC(=O)NCCSCCCCSCCNC(=O)OCC*,{<CCOC(=O)NCCSCCCCSCCNC(=O)O>},26.25521298
327,*C(C*)C(=O)N1CC[N+](CC1)(CCCCCCCCCCCC)C,{$CC(C(=O)N1CC[N+](C)(CCCCCCCCCCCC)CC1)$},-81.38297384
328,*OC(=O)c1cc(ccc1)c1cc(ccc1)C(=O)OCCCCCCCCCC*,{<CCCCCCCCCCOC(=O)c1cccc(c1)c2cccc(c2)C(=O)O>},8.531981028
329,*C1(C(=O)OC(=O)C1)C*,{<CC1(CC(=O)OC1=O)>},143.854555
330,*Oc1cc(ccc1)OC(=O)c1ccc(cc1)C(=O)Oc1cc(ccc1)OCCCCCCCCCC*,{<CCCCCCCCCCOc1cccc(c1)OC(=O)c2ccc(cc2)C(=O)Oc3cccc(c3)O>},20.92794041
331,*Oc1ccc(cc1)OC(=O)c1ccc(cc1)OC(=O)c1ccc(cc1)C(=O)Oc1ccc(cc1)C(=O)Oc1ccc(cc1)OC(=O)c1cc(ccc1)C(=O)*,{<Oc1ccc(cc1)OC(=O)c2ccc(cc2)OC(=O)c3ccc(cc3)C(=O)Oc4ccc(cc4)C(=O)Oc5ccc(cc5)OC(=O)c6cccc(c6)C(=O)>},119.4238893
332,*=C1CN(CC(=Cc2oc(cc2)C(=O)CCCCC(=O)c2oc(cc2)C=*)C1=O)C,{<=Cc1ccc(o1)C(=O)CCCCC(=O)c2ccc(o2)C=C3CN(C)CC(C3=O)=>},95.14114513
333,*Oc1ccc(cc1)NC(=O)c1c(c(c(c(c1F)F)C(=O)Nc1ccc(cc1)*)F)F,{<Oc1ccc(cc1)NC(=O)c2c(F)c(F)c(c(F)c2F)C(=O)Nc3ccc(cc3)>},168.6168885
334,*C(=C(CC*)C)C,{$CCC(C)=C(C)$},46.49641909
335,*S(=O)(=O)NCCNS(=O)(=O)c1ccc(cc1)*,{<c1ccc(cc1)S(=O)(=O)NCCNS(=O)(=O)>},7.54081281
336,*N(C(=O)*)c1ccccc1,{<C(=O)N(c1ccccc1)>},150.7130657
337,*OC(=O)C(C(=O)OCCCCCC*)CCCCCCOc1ccc(cc1)c1ccc(cc1)OCc1ccc(cc1)[N+](=O)[O-],{<CCCCCCOC(=O)C(CCCCCCOc1ccc(c2ccc(OCc3ccc([N+](=O)[O-])cc3)cc2)cc1)C(=O)O>},17.95743357
338,*N1C(=S)SC(=Cc2ccc(cc2)C=C2SC(=S)N(C2=O)CCCCCC*)C1=O,{<CCCCCCN1C(=O)C(SC1=S)=Cc2ccc(cc2)C=C3SC(=S)N(C3=O)>},35.37444876
339,*c1oc(cc1)Sc1oc(cc1)C=Nc1ccc(cc1)N=C*,{<C=Nc1ccc(cc1)N=Cc2ccc(o2)Sc3ccc(o3)>},95.64631957
340,*OC(=O)c1ccc(cc1)S(=O)(=O)CCCCCCS(=O)(=O)c1ccc(cc1)C(=O)OCCCCCC*,{<CCCCCCOC(=O)c1ccc(cc1)S(=O)(=O)CCCCCCS(=O)(=O)c2ccc(cc2)C(=O)O>},35.86441642
341,*OS(=O)(=O)c1cc(ccc1)S(=O)(=O)Oc1cc(ccc1)*,{<OS(=O)(=O)c1cccc(c1)S(=O)(=O)Oc2cccc(c2)>},29.19231194
342,*SSC(=O)N(c1ccc(cc1)Cc1ccc(cc1)N(C(=O)SSCCCC*)C)C,{<CCCCSSC(=O)N(C)c1ccc(cc1)Cc2ccc(cc2)N(C)C(=O)SS>},20.68923822
343,*C(C*)(c1ccc(cc1)OC(=O)C)OC(=O)C,{$CC(c1ccc(OC(C)=O)cc1)(OC(C)=O)$},74.85696518
344,*Oc1ccc(cc1)C(=Cc1ccc(cc1)OC(=O)CCCCCCCCCCC(=O)*)C,{<Oc1ccc(cc1)C(C)=Cc2ccc(cc2)OC(=O)CCCCCCCCCCC(=O)>},6.458707655
345,*N(C(=O)CCCCC(=O)N(CC(C(C(C*)(F)F)(F)F)(F)F)CC)CC,{<CC(F)(F)C(F)(F)C(F)(F)CN(CC)C(=O)CCCCC(=O)N(CC)>},10.59395774
346,*c1ccc(cc1)C=C1C(=O)C(=Cc2ccc(cc2)C(=O)c2ccc(cc2)C(=O)*)CC1,{<C(=O)c1ccc(cc1)C(=O)c2ccc(cc2)C=C3CCC(C3=O)=Cc4ccc(cc4)>},192.2096838
347,*Oc1cc(c(cc1)N1ON1c1c(cc(cc1)OC(=O)CCCCCCCCCCC(=O)*)C)C,{<Oc1ccc(c(C)c1)n2on2c2ccc(cc2C)OC(=O)CCCCCCCCCCC(=O)>},50.67469492
348,*c1c(cc(c(c1)Oc1ccc(cc1)S(=O)(=O)O[Na])c1ccc(cc1)*)Oc1ccc(cc1)S(=O)(=O)O[Na],{<c1ccc(cc1)c2cc(Oc3ccc(S(=O)(=O)O[Na])cc3)c(cc2Oc2ccc(S(=O)(=O)O[Na])cc2)>},172.5717242
349,*OC(=O)NCCCCC*,{<CCCCCNC(=O)O>},-13.55087665
350,*N1C(=O)C(CC1=O)Nc1ccc(cc1)NC1C(=O)N(C(=O)C1)c1ccc(cc1)Cc1ccc(cc1)*,{<c1ccc(cc1)Cc2ccc(cc2)N3C(=O)CC(C3=O)Nc4ccc(cc4)NC5CC(=O)N(C5=O)>},248.5034267
351,*C(=C*)c1ccc(cc1)OCCCCCC(=O)Oc1c(c(c(c(c1F)F)F)F)F,{$C=C(c1ccc(OCCCCCC(=O)Oc2c(F)c(F)c(F)c(F)c2F)cc1)$},73.83198457
352,*Oc1cc(ccc1)OC(=O)c1ccc(cc1)C=Nc1ccc(cc1)OCCCCCCOc1ccc(cc1)N=Cc1ccc(cc1)C(=O)*,{<Oc1cccc(c1)OC(=O)c2ccc(cc2)C=Nc3ccc(cc3)OCCCCCCOc4ccc(cc4)N=Cc5ccc(cc5)C(=O)>},83.83402436
353,*C1=NC2=CC(C=CC2=C1)*,{<C1=NC2=CC(C=CC2=C1)>},103.156476
354,*C=CCCCCCCCC*,{$C=CCCCCCCCC$},-17.2820223
355,*C(CCC*)Cl,{$CCCC(Cl)$},-30.93658282
356,*C#CC(=C(*)CCCCOC(=O)NCCC)CCCCOC(=O)NCCC,{$C#CC(CCCCOC(=O)NCCC)=C(CCCCOC(=O)NCCC)$},40.70123878
357,*NC(CC(=O)*)c1ccccc1,{<NC(c1ccccc1)CC(=O)>},-30.79261317
358,*S(=O)(=O)C(C=CC(*)C)C,{<C(C)C=CC(C)S(=O)(=O)>},33.82674704
359,*C(C(*)(C([2H])([2H])[2H])C([2H])([2H])[2H])([2H])[2H],{$C([2H])([2H])C(C([2H])([2H])[2H])(C([2H])([2H])[2H])$},85.2671101
360,*c1sc(cc1)C(=O)NCCCCCCNC(=O)*,{<C(=O)NCCCCCCNC(=O)c1ccc(s1)>},42.90894132
361,*SC(=O)c1ccc(cc1)C(=O)SCc1c(c(c(c(c1C)C)C*)C)C,{<Cc1c(C)c(C)c(c(C)c1C)CSC(=O)c2ccc(cc2)C(=O)S>},127.8963011
362,*c1ccc2c(c1)c(=O)oc(n2)c1cc(cc(c1)N1C(=O)c2c(C1=O)c(c(c(c2Cl)Cl)Cl)Cl)c1oc(=O)c2c(ccc(c2)C*)n1,{<Cc1ccc2nc(oc(=O)c2c1)c3cc(cc(N4C(=O)c5c(Cl)c(Cl)c(Cl)c(Cl)c5C4=O)c3)c4nc5ccc(cc5c(=O)o4)>},378.8956296
363,*Nc1ccc(cc1)NC(=O)c1c(cc(c(c1)SCCCCCCCC)C(=O)*)SCCCCCCCC,{<Nc1ccc(cc1)NC(=O)c2cc(SCCCCCCCC)c(cc2SCCCCCCCC)C(=O)>},69.67482713
364,*Oc1c(cc(cc1)C=Nc1ccc(cc1)N=Cc1cc(c(cc1)OC(=O)CCCCC(=O)*)OC)OC,{<Oc1ccc(cc1OC)C=Nc2ccc(cc2)N=Cc3ccc(c(OC)c3)OC(=O)CCCCC(=O)>},-41.85748469
365,*Oc1ccc(cc1)OC(=O)c1ccc(cc1)OC(=O)CCCCCCC(=O)*,"{<Oc1ccc(cc1)O<,>C(=O)c2ccc(cc2)OC(=O)CCCCCCC(=O)>}",72.32081554
366,*c1nc(sc1)N=Cc1cc(c(cc1)OCCCCOc1c(cc(cc1)C=Nc1nc(cs1)c1ccc(cc1)Oc1ccc(cc1)*)OC)OC,{<c1ccc(cc1)Oc2ccc(cc2)c3csc(n3)N=Cc4ccc(c(OC)c4)OCCCCOc5ccc(cc5OC)C=Nc6nc(cs6)>},104.0626058
367,*Oc1ccc(cc1)S(=O)(=O)c1ccc(cc1)Oc1ccc(cc1)C(=O)NNC(=O)c1cc(c(cc1)NC(=O)c1ccc(cc1)*)O,{<Oc1ccc(cc1)S(=O)(=O)c2ccc(cc2)Oc3ccc(cc3)C(=O)NNC(=O)c4ccc(c(O)c4)NC(=O)c5ccc(cc5)>},111.457133
368,*Oc1ccc(cc1)c1ccc(cc1)OC(=O)c1cc(ccc1)Oc1ccc(cc1)C(=O)*,"{<Oc1ccc(cc1)c2ccc(cc2)O<,>C(=O)c3cccc(c3)Oc4ccc(cc4)C(=O)>}",89.5930824
369,*C(C*)OCCC,{$CC(OCCC)$},-17.16506937
370,*OC(=O)CCCC(=O)OCC(C(C(C(C*)(F)F)(F)F)(F)F)(F)F,{<CC(F)(F)C(F)(F)C(F)(F)C(F)(F)COC(=O)CCCC(=O)O>},-64.11657159
371,*OC1CCC(CC1)OC(=O)CCCCCCC(=O)*,"{<OC1CCC(CC1)O<,>C(=O)CCCCCCC(=O)>}",-35.83964331
372,*N1C(=O)N(C(=O)C1(C)C)C(=O)c1ccc(cc1)N=Nc1ccc(cc1)C(=O)*,{<C(=O)c1ccc(cc1)N=Nc2ccc(cc2)C(=O)N3C(=O)N(C(C)(C)C3=O)>},302.3547996
373,*Oc1ccc(cc1)OCC(=O)OC(=O)c1ccc(cc1)C(=O)OC(=O)C*,{<CC(=O)OC(=O)c1ccc(cc1)C(=O)OC(=O)COc2ccc(cc2)O>},80.44433982
374,*c1c2c(c(cc1)*)cccc2,{<c1ccc(c2ccccc12)>},189.0821827
375,*C1C(=O)N(C(=O)C1C(C*)c1ccccc1)c1ccc(cc1)Cl,{<CC(c1ccccc1)C1C(=O)N(c2ccc(Cl)cc2)C(=O)C1>},168.825845
376,*[Si](c1ccc(cc1)*)(OCC)OCC,{<c1ccc(cc1)[Si](OCC)(OCC)>},7.02246836
377,*NC(CNC(=O)NCCCCCCNC(=O)*)C,{<NC(C)CNC(=O)NCCCCCCNC(=O)>},55.35434565
378,*c1nc(cs1)c1ccc(cc1)c1nc(sc1)CCCC*,{<CCCCc1nc(cs1)c2ccc(cc2)c3csc(n3)>},110.5188915
379,*Oc1ccc(cc1)OC(=O)CCCCCCCC(=O)*,"{<Oc1ccc(cc1)O<,>C(=O)CCCCCCCC(=O)>}",-6.058372606
380,*C(C*)OC(=O)C(CC)(CC)CC,{$CC(OC(=O)C(CC)(CC)CC)$},20.41787387
381,*NC(=O)CCCCCCCCCCCCCCC(=O)NCCc1ccc(cc1)CC*,{<CCc1ccc(cc1)CCNC(=O)CCCCCCCCCCCCCCC(=O)N>},65.25488595
382,*C1CCN(CC1)SC(=O)OCCCCOC(=O)SN1CCC(CC1)CCC*,{<CCCC1CCN(CC1)SC(=O)OCCCCOC(=O)SN2CCC(CC2)>},-6.032415023
383,*Oc1cc2c(C(CC2(C)C)(c2ccc(cc2)Oc2ccc(cc2)C2(CC(c3c2cc(cc3)*)(C)C)C)C)cc1,{<Oc1ccc2c(c1)C(C)(C)CC2(C)c1ccc(cc1)Oc2ccc(cc2)C3(C)CC(C)(C)c4ccc(cc43)>},308.5311609
384,*OC(=O)c1ccc(cc1)CCc1ccc(cc1)C(=O)OCC*,{<CCOC(=O)c1ccc(cc1)CCc2ccc(cc2)C(=O)O>},53.2795594
385,*c1oc2c(n1)cc(cc2)c1cc2c(oc(n2)CCCCCCCC*)cc1,{<CCCCCCCCc1nc2cc(ccc2o1)c3ccc4oc(nc4c3)>},61.93714913
386,*C(=C*)CNS(=O)(=O)CC,{$C=C(CNS(=O)(=O)CC)$},44.748248
387,*c1nc(ccc1)Oc1ccc(cc1)Oc1ccc(cc1)O*,{<Oc1ccc(cc1)Oc2ccc(cc2)Oc3cccc(n3)>},-19.11943844
388,*C(=C(*)C)[Si](CCCC)(C)C,{$C(C)=C([Si](C)(C)CCCC)$},152.5242236
389,*OC(=O)CCSCCC(=O)*,{<OC(=O)CCSCCC(=O)>},6.950276755
390,*Oc1ccc(cc1)Oc1ccc(cc1)NC(=C(C#N)C#N)c1ccc(cc1)c1ccc(cc1)C(=C(C#N)C#N)Nc1ccc(cc1)*,{<Oc1ccc(cc1)Oc2ccc(cc2)NC(=C(C#N)C#N)c3ccc(cc3)c4ccc(cc4)C(=C(C#N)C#N)Nc5ccc(cc5)>},270.2905197
391,*Oc1cc(ccc1)OC(=O)Oc1ccc(cc1)OC(=O)*,{<Oc1cccc(c1)OC(=O)Oc2ccc(cc2)OC(=O)>},-104.3379932
392,*OC(=O)c1ccc(cc1)NC(=O)CCCCC(=O)Nc1ccc(cc1)C(=O)OCCC*,{<CCCOC(=O)c1ccc(cc1)NC(=O)CCCCC(=O)Nc2ccc(cc2)C(=O)O>},83.99780359
393,*c1nc2c([nH]1)cc(cc2)NC(=NO)C(=NO)Nc1ccc2c(nc([nH]2)CCCC*)c1,{<CCCCc1nc2cc(ccc2[nH]1)NC(=NO)C(=NO)Nc3ccc4nc([nH]c4c3)>},170.1130329
394,*Nc1c(c(c(c(c1C)C)NC(=O)c1ccc(cc1)C(=O)*)C)C,{<Nc1c(C)c(C)c(c(C)c1C)NC(=O)c2ccc(cc2)C(=O)>},205.6552433
395,*OC(=O)Nc1ccc(cc1)NC(=O)OCC*,{<CCOC(=O)Nc1ccc(cc1)NC(=O)O>},134.2908917
396,*Oc1c(cc(cc1)OC(=O)c1ccc(cc1)C(=O)*)Cl,{<Oc1ccc(cc1Cl)OC(=O)c2ccc(cc2)C(=O)>},119.6241841
397,*Oc1ccc(cc1)c1ccc(cc1)OC(=O)c1c(cc(c(c1)C(=O)OCCCCCC)C(=O)*)C(=O)OCCCCCC,{<Oc1ccc(cc1)c2ccc(cc2)OC(=O)c3cc(C(=O)OCCCCCC)c(cc3C(=O)OCCCCCC)C(=O)>},77.13970172
398,*N1CCN(CC1)CCC(=O)N(CCN(C(=O)CC*)C(C)C)C(C)C,{<CCC(=O)N(C(C)C)CCN(C(C)C)C(=O)CCN1CCN(CC1)>},-43.71593166
399,*c1ccc2n(c3c(c2c1)cc(cc3)C=NN(c1ccc(cc1)S(=O)(=O)c1ccc(cc1)N(N=C*)CCCC)CCCC)CC,{<C=NN(CCCC)c1ccc(cc1)S(=O)(=O)c2ccc(cc2)N(CCCC)N=Cc3ccc4c(c3)c3cc(ccc3n4CC)>},139.604302
400,*Sc1ccc(cc1)c1ccc(cc1)SC(=O)CCCCC(=O)*,{<Sc1ccc(cc1)c2ccc(cc2)SC(=O)CCCCC(=O)>},13.2621556
401,*N(c1ccc(cc1)c1ccc(cc1)N(C(=O)c1ccc(cc1)C(=O)*)CC)CC,{<C(=O)c1ccc(cc1)C(=O)N(CC)c2ccc(cc2)c3ccc(cc3)N(CC)>},62.56896406
402,*S(=O)(=O)CCCC*,{<CCCCS(=O)(=O)>},-14.41108992
403,*c1ccc(cc1)C=C1C(=O)C(=Cc2ccc(cc2)C(=O)c2ccc(cc2)C(=O)*)CCC1,{<C(=O)c1ccc(cc1)C(=O)c2ccc(cc2)C=C3CCCC(C3=O)=Cc4ccc(cc4)>},240.3798309
404,*c1ccc2n(c3c(c2c1)cc(cc3)*)CC,{<c1ccc2c(c1)c1cc(ccc1n2CC)>},206.6525359
405,*OC(C(C(=O)*)(C)C)c1ccccc1,{<OC(c1ccccc1)C(C)(C)C(=O)>},65.42132156
406,*c1nc2c([nH]1)cc(cc2)c1ccc2c(nc([nH]2)c2ccc(cc2)C(=O)c2ccc(cc2)*)c1,{<c1ccc(cc1)C(=O)c2ccc(cc2)c3nc4cc(ccc4[nH]3)c5ccc6nc([nH]c6c5)>},300.9001313
407,*Nc1ccc(cc1)NC(=S)NC(=O)c1ccc(cc1)C(=O)NC(=S)*,{<Nc1ccc(cc1)NC(=S)NC(=O)c2ccc(cc2)C(=O)NC(=S)>},220.8197438
408,*=c1c2cc3c(cc2c(=O)o1)c(=O)oc3=Nc1cc(ccc1)Oc1cc(ccc1)Oc1cc(ccc1)N=*,{<=Nc1cccc(c1)Oc2cccc(c2)Oc3cccc(c3)N=C4OC(=O)c5cc6c(cc54)C(OC6=O)=>},132.5253262
409,*OS(=O)(=O)c1ccc(cc1)S(=O)(=O)c1ccc(cc1)S(=O)(=O)Oc1ccc(cc1)S(=O)(=O)c1ccc(cc1)*,{<OS(=O)(=O)c1ccc(cc1)S(=O)(=O)c2ccc(cc2)S(=O)(=O)Oc3ccc(cc3)S(=O)(=O)c4ccc(cc4)>},194.2678014
410,*OC(CCOC(=O)c1cc(ccc1)C(=O)*)C,"{<OC(C)CCO<,>C(=O)c1cccc(c1)C(=O)>}",-42.28619333
411,*NC(=O)CCCCCCCCC(=O)NC*,{<CNC(=O)CCCCCCCCC(=O)N>},66.76854223
412,*NC(=O)CCP(=O)(CCC(=O)NCC*)C,{<CCNC(=O)CCP(C)(=O)CCC(=O)N>},143.8466204
413,*C(C*)c1c(cccc1)OC,{$CC(c1ccccc1OC)$},160.10962
414,*OCCCCCOCCCCCCOCCCCCC*,{<CCCCCCOCCCCCCOCCCCCO>},-72.01996519
415,*NC(=O)C(=O)NCCNC(=O)CCCCCCCC(=O)NCC*,{<CCNC(=O)CCCCCCCC(=O)NCCNC(=O)C(=O)N>},112.5256843
416,*OC(=O)c1ccc(cc1)C(=O)OCC(C*)(CCl)CCl,{<CC(CCl)(CCl)COC(=O)c1ccc(cc1)C(=O)O>},11.46555203
417,*OC(COC(=O)CCCCC(=O)*)C,"{<OC(C)CO<,>C(=O)CCCCC(=O)>}",-15.95518318
418,*c1ccc(cc1)c1ccc(cc1)C(*)(C)C,{<c1ccc(cc1)c2ccc(cc2)C(C)(C)>},210.9469969
419,*Oc1ccc(cc1)Oc1ccc(cc1)NC(=O)c1ccc(cc1)C(=O)Nc1ccc(cc1)*,{<Oc1ccc(cc1)Oc2ccc(cc2)NC(=O)c3ccc(cc3)C(=O)Nc4ccc(cc4)>},203.5999878
420,*Oc1c(cc(cc1)Oc1ccc(cc1)C(=O)c1ccc(cc1)*)CBr,{<Oc1ccc(cc1CBr)Oc2ccc(cc2)C(=O)c3ccc(cc3)>},98.31320425
421,*Oc1cc(ccc1)C(=O)OC(=O)c1cc(ccc1)OCC*,{<CCOc1cccc(c1)C(=O)OC(=O)c2cccc(c2)O>},3.697542049
422,*C(=C*)c1ccc(cc1)[N+](=O)[O-],{$C=C(c1ccc([N+](=O)[O-])cc1)$},-12.60583746
423,*c1sc(cc1)[Si](c1sc(cc1)[SiH](*)C)(C)C,{<c1ccc(s1)[Si](C)(C)c2ccc(s2)[SiH](C)>},60.04219897
424,*Oc1ccc(cc1)C(c1ccc(cc1)OC(=O)c1ccc(cc1)Oc1ccc(cc1)C(=O)*)C,"{<Oc1ccc(cc1)C(C)c2ccc(cc2)O<,>C(=O)c3ccc(cc3)Oc4ccc(cc4)C(=O)>}",76.95210942
425,*C(C*)C(=O)n1sc2c(c1=O)cccc2,{$CC(C(=O)n1sc2ccccc2c1=O)$},48.67425788
426,*Nc1cc(cc(c1)C(=O)OCCN(c1ccc(cc1)S(=O)(=O)C(C(C(C(C(C(C(C(F)(F)F)(F)F)(F)F)(F)F)(F)F)(F)F)(F)F)(F)F)C)NC(=O)c1cc(cc(c1)OCCN(c1ccc(cc1)S(=O)(=O)C(C(C(C(C(C(C(C(F)(F)F)(F)F)(F)F)(F)F)(F)F)(F)F)(F)F)(F)F)C)C(=O)*,{<Nc1cc(cc(C(=O)OCCN(C)c2ccc(S(=O)(=O)C(F)(F)C(F)(F)C(F)(F)C(F)(F)C(F)(F)C(F)(F)C(F)(F)C(F)(F)F)cc2)c1)NC(=O)c2cc(OCCN(C)c3ccc(S(=O)(=O)C(F)(F)C(F)(F)C(F)(F)C(F)(F)C(F)(F)C(F)(F)C(F)(F)C(F)(F)F)cc3)cc(c2)C(=O)>},172.7344272
427,*n1c(=O)c2cc3c(cc2c1=O)c(=O)n(c3=O)c1c(cc(cc1)c1cc(c(cc1)*)C)C,{<c1ccc(cc1C)c2ccc(c(C)c2)n3c(=O)c4cc5c(=O)n(c(=O)c5cc4c3=O)>},271.2577887
428,*c1c(cc(c(c1)OCCCCCCOc1ccc(cc1)C1CCC(CC1)CCCCC)C=C*)OCCCCCCOc1ccc(cc1)C1CCC(CC1)CCCCC,{<C=Cc1cc(OCCCCCCOc2ccc(C3CCC(CCCCC)CC3)cc2)c(cc1OCCCCCCOc1ccc(C2CCC(CCCCC)CC2)cc1)>},36.67582945
429,*OC(=O)SSC(=O)OCCCC*,{<CCCCOC(=O)SSC(=O)O>},-58.94578339
430,*NC(C(=O)NCC(=O)*)C,{<NC(C)C(=O)NCC(=O)>},19.96697332
431,*NC(=O)CNC(=O)CC*,{<CCC(=O)NCC(=O)N>},70.42884183
432,*SC(=O)CCCCC(=O)SCc1c(c(c(c(c1C)C)C*)C)C,{<Cc1c(C)c(C)c(c(C)c1C)CSC(=O)CCCCC(=O)S>},44.80678229
433,*C(=C*)c1ccccc1,{$C=C(c1ccccc1)$},66.12991425
434,*c1cc2c(C(=O)N(C2=O)c2cc(ccc2)NC(=O)c2cc(ccc2)C(=O)Nc2cc(ccc2)NC(=O)*)cc1,{<C(=O)Nc1cccc(c1)NC(=O)c2cccc(c2)C(=O)Nc3cccc(c3)N4C(=O)c5ccc(cc5C4=O)>},213.4893774
435,*Oc1c(cc(cc1Br)C(c1cc(c(c(c1)Br)OC(=O)c1cc(ccc1)C(=O)*)Br)(CCC(=O)O)C)Br,{<Oc1c(Br)cc(cc1Br)C(C)(CCC(=O)O)c2cc(Br)c(c(Br)c2)OC(=O)c3cccc(c3)C(=O)>},175.2273279
436,*OC(=O)CCCCC(=O)OCC(C*)(CCl)CCl,{<CC(CCl)(CCl)COC(=O)CCCCC(=O)O>},2.83724036
437,*N1CCN(CC1)C(=O)SSCCCCSSC(=O)*,{<C(=O)SSCCCCSSC(=O)N1CCN(CC1)>},-3.571974592
438,*N1C(=O)N(C(=O)C1(c1ccccc1)c1ccccc1)C(=O)c1ccc(cc1)N=Nc1ccc(cc1)C(=O)*,{<C(=O)c1ccc(cc1)N=Nc2ccc(cc2)C(=O)N3C(=O)N(C(c4ccccc4)(c4ccccc4)C3=O)>},183.844758
439,*c1cc2n(c3c(c2cc1)ccc(c3)C#CC#C*)CCCCCCCCCCCCCCCC,{<C#CC#Cc1ccc2c3ccc(cc3n(CCCCCCCCCCCCCCCC)c2c1)>},68.35869686
440,*c1c2c(nccc2)c(cc1)OCc1ccc(cc1)COc1c2ncccc2c(cc1)C*,{<Cc1ccc(c2ncccc12)OCc2ccc(cc2)COc3ccc(c4cccnc34)>},200.3538526
441,*OC(=O)c1ccc(cc1)C(=O)OCCOCCOCC*,{<CCOCCOCCOC(=O)c1ccc(cc1)C(=O)O>},36.06576581
442,*c1c2c(c(s1)*)sc(n2)CCCCCCCCC,{<c1sc(c2sc(CCCCCCCCC)nc12)>},56.24069524
443,*=C=C=C(C(=*)COS(=O)(=O)c1ccc(cc1)C)COS(=O)(=O)c1ccc(cc1)C,{$=C=C=C(COS(=O)(=O)c1ccc(C)cc1)C(COS(=O)(=O)c1ccc(C)cc1)=$},76.80290526
444,*Oc1c(cc(cc1)C=CC=Cc1cc(c(cc1)OCCCCCCC*)C)C,{<CCCCCCCOc1ccc(cc1C)C=CC=Cc2ccc(c(C)c2)O>},41.89270134
445,*Oc1ccc(cc1)C(=O)OCCCCOC(=O)c1ccc(cc1)OC(=O)c1ccc(cc1)C(=O)*,{<Oc1ccc(cc1)C(=O)OCCCCOC(=O)c2ccc(cc2)OC(=O)c3ccc(cc3)C(=O)>},68.79315579
446,*Oc1c(c(ccc1)Oc1ccc(cc1)C(=O)Nc1ccc(cc1)Oc1ccc(cc1)NC(=O)c1ccc(cc1)*)C#N,{<Oc1cccc(c1C#N)Oc2ccc(cc2)C(=O)Nc3ccc(cc3)Oc4ccc(cc4)NC(=O)c5ccc(cc5)>},160.9324159
447,*C1C(=O)N(C(=O)C1*)c1ccc(cc1)COC(C)(C)C,{<C1C(=O)N(c2ccc(COC(C)(C)C)cc2)C(=O)C1>},122.5873684
448,*c1ccc2n(c3c(c2c1)cc(cc3)C(=O)Oc1ccc(cc1)C(c1ccc(cc1)OC(=O)*)(C)C)C,{<C(=O)Oc1ccc(cc1)C(C)(C)c2ccc(cc2)OC(=O)c3ccc4c(c3)c3cc(ccc3n4C)>},73.83261176
449,*/C=C/*,{$/C=C/$},59.5588378
450,*c1ncc(cc1)c1n(c(cc1)c1n(c(cc1)*)C)C,{<c1ccc(cn1)c2ccc(n2C)c3ccc(n3C)>},256.5965094
451,*c1ncc(cc1)*,{<c1ccc(nc1)>},322.0959561
452,*c1cc2c(C(=O)N(C2=O)c2ccc(cc2)Oc2ccc(cc2)N2C(=O)c3c(C2=O)cc(cc3)C(=O)Nc2ccc(cc2)NC(=O)*)cc1,{<C(=O)Nc1ccc(cc1)NC(=O)c2ccc3c(c2)C(=O)N(C3=O)c2ccc(cc2)Oc4ccc(cc4)N5C(=O)c6ccc(cc6C5=O)>},48.20867337
453,*N(C(=O)*)CCCCCC,{<C(=O)N(CCCCCC)>},14.34014558
454,*Nc1cc(ccc1)C#Cc1cc(ccc1)NC(=O)c1c(cc(cc1)C(=O)*)C(=O)O,{<Nc1cccc(c1)C#Cc2cccc(c2)NC(=O)c3ccc(cc3C(=O)O)C(=O)>},187.6187871
455,*c1c(cc(c(c1)C*)C)O,{$Cc1cc(c(O)cc1C)$},12.40187977
456,*Oc1cc(c(cc1)C(=O)Nc1ccc(cc1)NC(=O)c1c(cc(cc1)*)C(=O)O)C(=O)O,{<Oc1ccc(c(C(=O)O)c1)C(=O)Nc2ccc(cc2)NC(=O)c3ccc(cc3C(=O)O)>},216.6231471
457,*c1nc(nc(n1)Oc1cc(ccc1)C(=O)Nc1ccc(cc1)Oc1ccc(cc1)NC(=O)c1cc(ccc1)O*)Sc1ccccc1,{<Oc1cccc(c1)C(=O)Nc2ccc(cc2)Oc3ccc(cc3)NC(=O)c4cccc(c4)Oc5nc(nc(Sc6ccccc6)n5)>},184.9515774
458,*=C1c2c(C(=O)O1)cc(cc2)c1cc2c(C(=O)OC2=Nc2cc(ccc2)Oc2cc(ccc2)Oc2cc(ccc2)N=*)cc1,{<=Nc1cccc(c1)Oc2cccc(c2)Oc3cccc(c3)N=C4OC(=O)c5ccc(cc54)c6ccc7c(c6)C(=O)OC7=>},193.7356518
459,*Nc1c(cc(cc1)*)CC,{<Nc1ccc(cc1CC)>},162.1855704
460,*OC(=O)NCCCCCCNC(=O)OCCN(CC*)c1ccc(cc1)N=Nc1ccc(cc1)C,{<CCN(c1ccc(N=Nc2ccc(C)cc2)cc1)CCOC(=O)NCCCCCCNC(=O)O>},24.09354398
461,*c1nc2c([nH]1)ccc(c2)c1ccc2c(nc([nH]2)c2ccc(cc2)*)c1,{<c1ccc(cc1)c2nc3cc(ccc3[nH]2)c4ccc5[nH]c(nc5c4)>},423.6341908
462,*c1ncc(cc1)C(=O)OC(=O)COc1ccc(cc1)OCC(=O)OC(=O)*,{<C(=O)OC(=O)COc1ccc(cc1)OCC(=O)OC(=O)c2ccc(nc2)>},155.9709567
463,*C(C*)C(=O)OCCN(S(=O)(=O)C(C(C(C(C(C(C(C(F)(F)F)(F)F)(F)F)(F)F)(F)F)(F)F)(F)F)(F)F)C,{$CC(C(=O)OCCN(C)S(=O)(=O)C(F)(F)C(F)(F)C(F)(F)C(F)(F)C(F)(F)C(F)(F)C(F)(F)C(F)(F)F)$},-148.0297376
464,*OC(=O)c1cc(ccc1)C(=O)OCC1C(C1)C*,{<CC1CC1COC(=O)c1cccc(c1)C(=O)O>},10.23490017
465,*NC(C(=O)*)C(C)C,{<NC(C(C)C)C(=O)>},153.0278775
466,*C(C*)(C(=O)OCC(C(C(C(C(C(C(F)(F)F)(F)F)(F)F)(F)F)(F)F)(F)F)(F)F)F,{$CC(C(=O)OCC(F)(F)C(F)(F)C(F)(F)C(F)(F)C(F)(F)C(F)(F)C(F)(F)F)(F)$},-98.70472035
467,*C(*)C(=O)OC(C)(C)C,{$C(C(=O)OC(C)(C)C)$},12.73837737
468,*OC(=O)c1c(cccc1)c1c(cccc1)C(=O)OCCCC*,{<CCCCOC(=O)c1ccccc1c1ccccc1C(=O)O>},71.34273106
469,*Nc1ccc(cc1)Cc1ccc(cc1)NC(=O)Nc1ccc(cc1)CCc1ccc(cc1)NC(=O)*,{<Nc1ccc(cc1)Cc2ccc(cc2)NC(=O)Nc3ccc(cc3)CCc4ccc(cc4)NC(=O)>},183.1975298
470,*C1C(=O)N(C(=O)C1C(C*)OC(=O)C)c1ccccc1,{<CC(OC(C)=O)C1C(=O)N(c2ccccc2)C(=O)C1>},157.3759721
471,*OC(CC(=O)*)C(Cl)Cl,{<OC(C(Cl)Cl)CC(=O)>},110.2326669
472,*OC(=O)NCCCCCCCCCCNC(=O)OCCCCCCCC*,{<CCCCCCCCOC(=O)NCCCCCCCCCCNC(=O)O>},24.78605928
473,*C1C=CC(CC1)*,{<C1C=CC(CC1)>},103.377349
474,*NC(=O)NCCCP(CCC*)c1ccccc1,{<CCCP(c1ccccc1)CCCNC(=O)N>},-49.19787298
475,*c1oc(nn1)CCCCCCCC*,{<CCCCCCCCc1nnc(o1)>},-48.88416733
476,*OC(=O)NCCCCCCNC(=O)OCC(C*)(C)C,{<CC(C)(C)COC(=O)NCCCCCCNC(=O)O>},47.60248847
477,*N=P(*)(OCC(C(C(F)(F)F)(F)F)(F)F)OCC(C(C(F)(F)F)(F)F)(F)F,{<N=P(OCC(F)(F)C(F)(F)C(F)(F)F)(OCC(F)(F)C(F)(F)C(F)(F)F)>},-77.91107652
478,*OC(=O)c1ccc(cc1)C(=O)OCCCCCC(=O)NCCNC(=O)CCCCC*,{<CCCCCC(=O)NCCNC(=O)CCCCCOC(=O)c1ccc(cc1)C(=O)O>},81.65245915
479,*c1cc2c(C(=O)OC2=Nc2cc(ccc2)N=C2OC(=O)c3c2cc(cc3)C(=O)*)cc1,{<C(=O)c1ccc2c(c1)C(OC2=O)=Nc1cccc(c1)N=C3OC(=O)c4ccc(cc43)>},246.6584182
480,*C*,{$C$},-2.526682925
481,*c1c(nnc(n1)c1nc(ccc1)c1nc(c(nn1)c1ccccc1)c1ccc(cc1)Sc1ccc(cc1)*)c1ccccc1,{<c1ccc(cc1)Sc2ccc(cc2)c3nc(nnc3c3ccccc3)c4cccc(n4)c5nnc(c6ccccc6)c(n5)>},419.5781202
482,*c1cc2c(C(=O)N(C2=O)c2c(cc(cc2)c2cc(c(cc2)N2C(=O)c3c(C2=O)cc(cc3)C(=O)Oc2ccc(cc2)C(c2ccc(cc2)OC(=O)*)(C)C)C)C)cc1,{<C(=O)Oc1ccc(cc1)C(C)(C)c2ccc(cc2)OC(=O)c3ccc4c(c3)C(=O)N(C4=O)c3ccc(cc3C)c5ccc(c(C)c5)N6C(=O)c7ccc(cc7C6=O)>},87.17702398
483,*=c1sc(cs1)c1ccc(cc1)C=*,{<=Cc1ccc(cc1)C2=CSC(S2)=>},105.3372816
484,*Oc1ccc(cc1)N=Cc1ccc(cc1)OC(=O)c1ccc(cc1)C=Nc1ccc(cc1)OCCCCOC(=O)NCCCCCCNC(=O)OCCCC*,{<CCCCOC(=O)NCCCCCCNC(=O)OCCCCOc1ccc(cc1)N=Cc2ccc(cc2)C(=O)Oc3ccc(cc3)C=Nc4ccc(cc4)O>},-34.25655466
485,*Oc1ccc(cc1)C(=O)CNc1ccc(cc1)NCC(=O)c1ccc(cc1)*,{<Oc1ccc(cc1)C(=O)CNc2ccc(cc2)NCC(=O)c3ccc(cc3)>},158.6944649
486,*OC(=O)N(c1c(ccc(c1)N(C(=O)OCC*)C)C)C,{<CCOC(=O)N(C)c1ccc(C)c(c1)N(C)C(=O)O>},42.46691504
487,*c1cc2c(C(=O)N(C2=O)c2ccc(cc2)Oc2ccc(cc2)N2C(=O)c3c(C2=O)cc(cc3)C(=O)N2C(=O)N(C(C(=C2C)C(=O)OCC)c2ccc(cc2)Cl)C(=O)*)cc1,{<C(=O)N1C(=O)N(C(C)=C(C(=O)OCC)C1c1ccc(Cl)cc1)C(=O)c2ccc3c(c2)C(=O)N(C3=O)c2ccc(cc2)Oc4ccc(cc4)N5C(=O)c6ccc(cc6C5=O)>},170.3261787
488,*C(C*)(C(=O)Oc1ccc(cc1)C)C,{$CC(C(=O)Oc1ccc(C)cc1)(C)$},126.1154692
489,*c1sc2c(n1)ccc(c2)OCCCCCCCCCCCOC(=O)CCCCC(=O)OCCCCCCCCCCCOc1ccc(cc1)*,{<c1ccc(cc1)OCCCCCCCCCCCOC(=O)CCCCC(=O)OCCCCCCCCCCCOc2ccc3nc(sc3c2)>},-17.21827415
490,*c1nc2c(c(c1)OCCO*)cc(cc2)C,{<OCCOc1cc(nc2ccc(C)cc12)>},88.77435741
491,*Oc1ccc(cc1)C(=O)CCCCCCCCC(=O)c1ccc(cc1)OC(=O)*,{<Oc1ccc(cc1)C(=O)CCCCCCCCC(=O)c2ccc(cc2)OC(=O)>},6.568396994
492,*c1ccc2c(nc([nH]2)c2cc(ccc2)c2nc3c([nH]2)ccc(c3)C(=O)Nc2ccc(cc2)NC(=O)*)c1,{<C(=O)Nc1ccc(cc1)NC(=O)c2ccc3[nH]c(nc3c2)c4cccc(c4)c5nc6cc(ccc6[nH]5)>},309.3374253
493,*OCC1(C2CCC(C1)CC2)C*,{<CC1(CC2CCC1CC2)CO>},81.08225465
494,*c1nc(ccc1)C=Nc1ccc(cc1)N=C*,{<C=Nc1ccc(cc1)N=Cc2cccc(n2)>},139.1234551
495,*/C(=C(/*)\c1ccccc1)/c1ccccc1,{$/C(c1ccccc1)=C(c1ccccc1)/$},206.5698859
496,*N1C(CN(C(C1)C)C(=O)OCCOC(=O)*)C,{<C(=O)OCCOC(=O)N1CC(C)N(CC1C)>},60.10633691
497,*C1C(CC1)*,{$C1CCC1$},69.57488221
498,*OC(C*)CCCCCCCCOc1ccc(cc1)C(=O)Oc1ccc(cc1)C(=O)OCC(CC)C,{<CC(CCCCCCCCOc1ccc(C(=O)Oc2ccc(C(=O)OCC(C)CC)cc2)cc1)O>},-0.17829817
499,*C(C*)(C(=O)OCCOC(=O)c1cc(cc(c1)OC(=O)c1ccc(cc1)N=Nc1ccc(cc1)OCCCCCCC)OC(=O)c1ccc(cc1)N=Nc1ccc(cc1)OCCCCCCC)C,{$CC(C(=O)OCCOC(=O)c1cc(OC(=O)c2ccc(N=Nc3ccc(OCCCCCCC)cc3)cc2)cc(OC(=O)c2ccc(N=Nc3ccc(OCCCCCCC)cc3)cc2)c1)(C)$},9.014452923
500,*C(C*)C(=O)OCCOC(C(F)(F)F)(C(F)(F)F)F,{$CC(C(=O)OCCOC(F)(C(F)(F)F)C(F)(F)F)$},-51.63721715
501,*Sc1ccc(cc1)*,{<Sc1ccc(cc1)>},64.586946
502,*Oc1ccc(cc1)CCCNC(=O)CCCCC(=O)NCCCc1ccc(cc1)OCCCCC*,{<CCCCCOc1ccc(cc1)CCCNC(=O)CCCCC(=O)NCCCc2ccc(cc2)O>},28.2211431
503,*SSCCCCSSCCCCCC*,{<CCCCCCSSCCCCSS>},-41.26672381
504,*c1cc2c(C(=O)N(C2=O)c2ccc(cc2)N2C(=O)c3c(C2=O)cc(cc3)C(=O)OCCN(CCOC(=O)*)c2ccc(cc2)N=Nc2ccc(cc2)[N+](=O)[O-])cc1,{<C(=O)OCCN(c1ccc(N=Nc2ccc([N+](=O)[O-])cc2)cc1)CCOC(=O)c1ccc2c(c1)C(=O)N(C2=O)c1ccc(cc1)N3C(=O)c4ccc(cc4C3=O)>},145.3751112
505,*n1c(=O)c2cc3c(cc2c1=O)c(=O)n(c3=O)C(C(=O)N1C(=O)N(C(C1=O)(C)C)C(=O)C(*)C)C,{<C(C)C(=O)N1C(=O)N(C(=O)C1(C)C)C(=O)C(C)n2c(=O)c3cc4c(=O)n(c(=O)c4cc3c2=O)>},252.5865186
506,*OC(=O)CCCCC(=O)OCc1ccc(cc1)C*,{<Cc1ccc(cc1)COC(=O)CCCCC(=O)O>},-4.158432897
507,*Nc1c(cc(cc1)NC(=O)c1c(cc(c(c1)C(=O)*)C(=O)O)C(=O)O)S(=O)(=O)O[Na],{<Nc1ccc(cc1S(=O)(=O)O[Na])NC(=O)c2cc(c(C(=O)O)cc2C(=O)O)C(=O)>},129.970858
508,*Nc1ccc(cc1)Cc1ccc(cc1)NC(=O)c1cc(cc(c1)NC(=O)C(CC(C)C)N1C(=O)c2c(C1=O)cccc2)C(=O)*,{<Nc1ccc(cc1)Cc2ccc(cc2)NC(=O)c3cc(NC(=O)C(CC(C)C)N4C(=O)c5ccccc5C4=O)cc(c3)C(=O)>},36.87047274
509,*N1C(CN(C(C1)C)SC(=O)OCCCCOC(=O)S*)C,{<SC(=O)OCCCCOC(=O)SN1CC(C)N(CC1C)>},-30.512105
510,*N(C(=O)*)CC=C,{<C(=O)N(CC=C)>},164.8639006
511,*[Si](c1ccc(cc1)*)(c1ccc(cc1)CN(C)C)C,{<c1ccc(cc1)[Si](c2ccc(CN(C)C)cc2)(C)>},12.90627629
512,*c1sc(cc1)C#CC#C*,{<C#CC#Cc1ccc(s1)>},49.13696662
513,*c1ncnc(c1)C=Cc1ccc(cc1)C=C*,{<C=Cc1ccc(cc1)C=Cc2cc(ncn2)>},84.80053451
514,*c1nc(nc(n1)Oc1c2c(ccc1C(=O)Nc1ccc(cc1)NC(=O)c1c(c3c(cc1)cccc3)O*)cccc2)N1CCCCC1,{<Oc1c(ccc2ccccc12)C(=O)Nc2ccc(cc2)NC(=O)c3ccc4ccccc4c3Oc3nc(nc(N4CCCCC4)n3)>},162.6671353
515,*OC(=O)CCC(=O)OCCCCCCCCCC*,{<CCCCCCCCCCOC(=O)CCC(=O)O>},1.783806133
516,*c1cc2n3c(=O)c4cc5c(cc4c3nc2cc1)c(=O)n1c2ccc(cc2nc51)*,{<c1ccc2c(c1)nc1c3cc4c(=O)n5c6cc(ccc6nc5c4cc3c(=O)n21)>},384.637936
517,*c1ccc2n(c3c(c2c1)cc(cc3)C(=O)Oc1ccc(cc1)C1(c2c(C(=O)O1)cccc2)c1ccc(cc1)OC(=O)*)C,{<C(=O)Oc1ccc(cc1)C2(OC(=O)c3ccccc32)c3ccc(cc3)OC(=O)c4ccc5c(c4)c4cc(ccc4n5C)>},262.5942508
518,*=Nc1ccc(cc1)N=C(Nc1c(cc(cc1)c1cc(c(cc1)NC(=*)C)C(=O)O)C(=O)O)C,{<=Nc1ccc(cc1)N=C(C)Nc2ccc(cc2C(=O)O)c3ccc(c(C(=O)O)c3)NC(C)=>},89.38045943
519,*OC(=O)C=C(CC(=O)OCC*)c1ccc(cc1)OCC,{<CCOC(=O)CC(c1ccc(OCC)cc1)=CC(=O)O>},1.131191733
520,*OC(=O)Nc1c(ccc(c1)NC(=O)OCCOCCOCCC*)C,{<CCCOCCOCCOC(=O)Nc1ccc(C)c(c1)NC(=O)O>},-26.75831261
521,*Nc1c(cccc1)CCc1c(cccc1)NC(=O)*,{<Nc1ccccc1CCc1ccccc1NC(=O)>},207.655323
522,*SC(=O)Nc1ccc(cc1)Cc1ccc(cc1)NC(=O)SCc1ccc(cc1)C*,{<Cc1ccc(cc1)CSC(=O)Nc2ccc(cc2)Cc3ccc(cc3)NC(=O)S>},90.77725081
523,*c1cc2c(C(=O)N(C2=O)c2ccc(cc2)Oc2ccc(cc2)N2C(=O)c3c(C2=O)cc(cc3)C(=O)NCCC[Si](O[Si](CCCNC(=O)*)(C)C)(C)C)cc1,{<C(=O)NCCC[Si](C)(C)O[Si](C)(C)CCCNC(=O)c1ccc2c(c1)C(=O)N(C2=O)c1ccc(cc1)Oc3ccc(cc3)N4C(=O)c5ccc(cc5C4=O)>},143.0502256
524,*OC(=O)c1cc(ccc1)C(=O)OCCNC(=O)c1ccc(cc1)C(=O)NCC*,{<CCNC(=O)c1ccc(cc1)C(=O)NCCOC(=O)c2cccc(c2)C(=O)O>},121.124261
525,*C(C*)(C(=O)OCCCCCCCCCCOc1ccc(cc1)N1C(=O)C(=Cc2c(c3c(n2C)cccc3)C)C(=C(C)C)C1=O)C,{$CC(C(=O)OCCCCCCCCCCOc1ccc(N2C(=O)C(=Cc3c(C)c4ccccc4n3C)C(=C(C)C)C2=O)cc1)(C)$},-17.96880959
526,*SC(=O)CCCCCCCCC(=O)SCCCCCC*,{<CCCCCCSC(=O)CCCCCCCCC(=O)S>},-39.13613776
527,*c1nc(ccc1)C(=O)NCCCCCCCCCCNC(=O)*,{<C(=O)NCCCCCCCCCCNC(=O)c1cccc(n1)>},49.59402876
528,*NC(=O)c1ccc(cc1)C(=O)NCCCCCCCCCC*,{<CCCCCCCCCCNC(=O)c1ccc(cc1)C(=O)N>},50.1155014
529,*Nc1ccc(cc1)NC(=O)c1ccc(cc1)NC(=O)C=Cc1ccc(cc1)C=CC(=O)Nc1ccc(cc1)C(=O)*,{<Nc1ccc(cc1)NC(=O)c2ccc(cc2)NC(=O)C=Cc3ccc(cc3)C=CC(=O)Nc4ccc(cc4)C(=O)>},169.7759737
530,*NNC(=O)CCCCCCCCC(=O)NNC(=S)c1cc(ccc1)C(=S)*,{<NNC(=O)CCCCCCCCC(=O)NNC(=S)c1cccc(c1)C(=S)>},32.4414411
531,*N1C(=O)c2c(C1=O)cc(cc2)Oc1cc2c(C(=O)N(C2=O)c2ccc(cc2)NC(=O)c2cc(ccc2)C(=O)Nc2ccc(cc2)*)cc1,{<c1ccc(cc1)NC(=O)c2cccc(c2)C(=O)Nc3ccc(cc3)N4C(=O)c5ccc(cc5C4=O)Oc6ccc7c(c6)C(=O)N(C7=O)>},155.8375326
532,*NC(=S)C=Cc1ccc(cc1)Cc1ccc(cc1)C=CC(=S)NCC*,{<CCNC(=S)C=Cc1ccc(cc1)Cc2ccc(cc2)C=CC(=S)N>},99.87529352
533,*c1ccc2[nH]c3c(c2c1)cc(cc3)C(=O)c1c(cc(c(c1)C(=O)*)C(=O)O)C(=O)O,{<C(=O)c1cc(c(C(=O)O)cc1C(=O)O)C(=O)c2ccc3[nH]c4ccc(cc4c3c2)>},106.1795053
534,*c1nc(sc1)NC(=O)Nc1ccc(cc1)Cc1ccc(cc1)NC(=O)Nc1nc(cs1)c1ccc(cc1)Oc1ccc(cc1)*,{<c1ccc(cc1)Oc2ccc(cc2)c3csc(n3)NC(=O)Nc4ccc(cc4)Cc5ccc(cc5)NC(=O)Nc6nc(cs6)>},221.6298798
535,*OC(=O)c1ccc(cc1)N1ON1c1ccc(cc1)C(=O)OCCOCC*,{<CCOCCOC(=O)c1ccc(cc1)n2on2c2ccc(cc2)C(=O)O>},15.34426557
536,*c1ccc2nc3c(Sc4cc(ccc4N3)c3cc4Sc5c(Nc4cc3)nc3ccc(cc3n5)O*)nc2c1,{<Oc1ccc2nc3c(nc2c1)Sc1cc(ccc1N3)c2ccc4c(c2)Sc2nc5cc(ccc5nc2N4)>},383.4
537,*c1cc2Sc3c(=Nc2cc1)[nH]c1ccc(cc1n3)c1ccc2[nH]c3=Nc4c(Sc3nc2c1)cc(cc4)*,{<c1ccc2c(c1)SC1=Nc3cc(ccc3NC1=N2)c4ccc5c(c4)N=C4Sc6cc(ccc6N=C4N5)>},418.69
538,*c1nc2c([nH]1)ccc(c2)c1ccc2c(nc([nH]2)c2oc(cc2)*)c1,{<c1nc2cc(ccc2[nH]1)c3ccc4[nH]c(nc4c3)c5ccc(o5)>},419.98
539,*=C1OC(=c2cc3ccc4=CC(=*)C=c5ccc(c2)c3c45)c2c3c4c1ccc1cccc(c41)c1c3c(ccc1)cc2,{<=c1cc2ccc3cc(cc4ccc(c1)c2c34)=c4oc(c5ccc6cccc7c8cccc9ccc4c(c98)c5c67)=>},432.43
540,*c1cc2c3n(c4ccc(cc4n3)Oc3ccc4n5c(nc4c3)c3ccc(cc3C5=O)C(*)(C(F)(F)F)C(F)(F)F)C(=O)c2cc1,{<c1ccc2c(c1)c1nc3cc(ccc3n1C2=O)Oc4ccc5c(c4)nc4n5C(=O)c5cc(ccc54)C(C(F)(F)F)(C(F)(F)F)>},395.15
541,*c1cc2n3c(=O)c4cc5c(cc4c3nc2cc1)c(=O)n1c2ccc(cc2nc51)O*,{<Oc1ccc2c(c1)nc1c3cc4c(=O)n5c6cc(ccc6nc5c4cc3c(=O)n21)>},416.53
542,*n1c(=O)c2cc3c(cc2c1=O)c(=O)n(c3=O)c1ccc(cc1)c1c(cc(cc1c1ccc(cc1)c1ccccc1)c1ccc(cc1)c1cc(c(c(c1)c1ccc(cc1)c1ccccc1)c1ccc(cc1)*)c1ccc(cc1)c1ccccc1)c1ccc(cc1)c1ccccc1,{<c1ccc(cc1)c2c(c3ccc(c4ccccc4)cc3)cc(cc2c2ccc(c3ccccc3)cc2)c3ccc(cc3)c4cc(c5ccc(c6ccccc6)cc5)c(c(c5ccc(c6ccccc6)cc5)c4)c5ccc(cc5)n6c(=O)c7cc8c(=O)n(c(=O)c8cc7c6=O)>},435
543,*n1c(=O)c2cc3c(cc2c1=O)c(=O)n(c3=O)c1ccc2c(nc([nH]2)c2ccc(cc2)*)c1,{<c1ccc(cc1)c2nc3cc(ccc3[nH]2)n4c(=O)c5cc6c(=O)n(c(=O)c6cc5c4=O)>},456.35
544,*N1C(=O)c2cc3C(c4c(Oc3cc2C1=O)cc1C(=O)N(C(=O)c1c4)c1cc(c(cc1)c1c(cc(cc1)*)C(F)(F)F)C(F)(F)F)(C(F)(F)F)C(F)(F)F,{<c1ccc(c(C(F)(F)F)c1)c2ccc(cc2C(F)(F)F)N3C(=O)c4cc5c(cc4C3=O)C(C(F)(F)F)(C(F)(F)F)c3cc4c(cc3O5)C(=O)N(C4=O)>},472.25
545,*c1cc2nc3c4c5c6c(c3nc2cc1)cccc6c1nc2ccc(cc2nc1c5ccc4)*,{<c1ccc2nc3c4cccc5c6nc7ccc(cc7nc6c6cccc(c3nc2c1)c6c45)>},411.97
546,*=C1C=c2ccc3cc(=C4c5ccccc5C(=*)c5ccccc45)cc4ccc(=C1)c2c34,{<=c1cc2ccc3cc(cc4ccc(c1)c2c34)=c4c5ccccc5c(c5ccccc45)=>},437.49
547,*c1n(c(cc1)*)C(C(=O)OC)C,{<c1ccc(n1C(C)C(=O)OC)>},279.4452403
548,*NC(C(=O)NCC(=O)NCC(=O)*)C,{<NC(C)C(=O)NCC(=O)NCC(=O)>},208.6397491
549,*c1sc2cc3c(cc2n1)sc(n3)c1c(cc(c(c1)OCCCCCC)*)OCCCCCC,{<c1nc2cc3sc(nc3cc2s1)c4cc(OCCCCCC)c(cc4OCCCCCC)>},168.5263131
550,*C(*)C(=O)OC(CC)(C)C,{$C(C(=O)OC(C)(C)CC)$},136.5678336
551,*N(c1ccc(cc1)*)CCCCCCC,{<c1ccc(cc1)N(CCCCCCC)>},110.7170963
552,*Oc1ccc(cc1)OC(=O)c1c(cc(cc1)C(=O)*)c1ccccc1,"{<Oc1ccc(cc1)O<,>C(=O)c2ccc(cc2c2ccccc2)C(=O)>}",227.700588
553,*S(=O)(=O)NCCNS(=O)(=O)c1ccc(cc1)c1ccc(cc1)*,{<c1ccc(cc1)c2ccc(cc2)S(=O)(=O)NCCNS(=O)(=O)>},173.2454244
554,*Oc1ccc(cc1)c1ccc(cc1)OC(=O)c1ccc(cc1)OC(=O)c1ccc(cc1)C(=O)Oc1ccc(cc1)C(=O)*,{<Oc1ccc(cc1)c2ccc(cc2)OC(=O)c3ccc(cc3)OC(=O)c4ccc(cc4)C(=O)Oc5ccc(cc5)C(=O)>},213.4133554
555,*c1[nH]c(cc1c1ccccc1)*,{<c1cc(c2ccccc2)c([nH]1)>},120.4503456
556,*c1ccc(cc1)C1C(C(C1C(=O)OCC)*)C(=O)OCC,{<c1ccc(cc1)C2C(C(=O)OCC)C(C2C(=O)OCC)>},164.3224631
557,*C(C(*)O)C,{$C(C)C(O)$},113.5665564
558,*C(C*)C(CC)CC,{$CC(C(CC)CC)$},38.96888215
559,*OC(=O)CCC(=O)OCCCCCCCCCCCCCCCCCCCC*,{<CCCCCCCCCCCCCCCCCCCCOC(=O)CCC(=O)O>},-32.76938912
560,*C(C*)C(=O)N(CC)CC,{$CC(C(=O)N(CC)CC)$},56.77009786
561,*NNC(=O)CCC(=O)NNC(=O)CCCCCCCCC(=O)*,{<NNC(=O)CCC(=O)NNC(=O)CCCCCCCCC(=O)>},64.69850401
562,*NC(=O)CCC(=O)NCCCCCCCC*,{<CCCCCCCCNC(=O)CCC(=O)N>},69.22130195
563,*NC(C(C(=O)*)(C)C)c1ccccc1,{<NC(c1ccccc1)C(C)(C)C(=O)>},154.3595069
564,*OC(=O)C/C=C/CC(=O)OCCCCCCCCCCCCCC*,{<CCCCCCCCCCCCCCOC(=O)C/C=C/CC(=O)O>},-41.10158883
565,*C(C*)(C(=O)OCC)CO,{$CC(C(=O)OCC)(CO)$},22.36004964
566,*O[Si](CCCN=C1c2c(ccc(c2C(=NCCC[Si](*)(C)C)c2ccccc12)O)O)(C)C,{<O[Si](C)(C)CCCN=C1c2ccccc2C(c2c(O)ccc(O)c21)=NCCC[Si](C)(C)>},51.3
567,*Oc1ccc(cc1)S(=O)(=O)c1ccc(cc1)Oc1ccc(cc1)C(c1ccc(cc1)*)(c1ccc(cc1)O)C,{<Oc1ccc(cc1)S(=O)(=O)c2ccc(cc2)Oc3ccc(cc3)C(C)(c4ccc(O)cc4)c4ccc(cc4)>},255.52
568,*OP(=O)(N=Nc1ccc(cc1)COC(=O)c1cc(cc(c1)C(C)(C)C)C(=O)OCc1ccc(cc1)N=NP(=O)(OCCCCCC*)OC)OC,{<CCCCCCOP(=O)(OC)N=Nc1ccc(cc1)COC(=O)c2cc(cc(C(C)(C)C)c2)C(=O)OCc3ccc(cc3)N=NP(=O)(OC)O>},62.39
569,*c1cc2c(C(=O)N(C2=O)c2c(ccc(c2)N2C(=O)c3c(C2=O)cc(cc3)C(=O)*)CP(=O)(OCC)OCC)cc1,{<C(=O)c1ccc2c(c1)C(=O)N(C2=O)c1ccc(CP(=O)(OCC)OCC)c(c1)N3C(=O)c4ccc(cc4C3=O)>},264.06
570,*Nc1c(cc(cc1)NC(=O)c1ccc(cc1)NC(=O)CCCCCCCCCCC(=O)Nc1ccc(cc1)C(=O)*)C(=O)OCCCCCCCCCCCCCCCC,{<Nc1ccc(cc1C(=O)OCCCCCCCCCCCCCCCC)NC(=O)c2ccc(cc2)NC(=O)CCCCCCCCCCC(=O)Nc3ccc(cc3)C(=O)>},187.43
571,*C(C*)(C(=O)OCCF)C,{$CC(C(=O)OCCF)(C)$},76.42
572,*N1C(=O)c2c(C1=O)cc(cc2)Oc1ccc(cc1)Oc1ccc(cc1)Oc1cc2c(C(=O)N(C2=O)c2ccc(cc2)Oc2ccc(cc2)Sc2ccc(cc2)Oc2ccc(cc2)*)cc1,{<c1ccc(cc1)Oc2ccc(cc2)Sc3ccc(cc3)Oc4ccc(cc4)N5C(=O)c6ccc(cc6C5=O)Oc7ccc(cc7)Oc8ccc(cc8)Oc9ccc%10c(c9)C(=O)N(C%10=O)>},225.33
573,*C(C*)c1ccc(cc1)C(=O)N(C)C,{$CC(c1ccc(C(=O)N(C)C)cc1)$},146.9
574,*OC(=O)c1ccc(cc1)C(c1ccc(cc1)C(=O)*)(C)C,{<OC(=O)c1ccc(cc1)C(C)(C)c2ccc(cc2)C(=O)>},46.39
575,*Oc1cc2c(cc1)ccc(c2)Oc1ccc(cc1)C(=O)Nc1cc(ccc1)NC(=O)c1ccc(cc1)*,{<Oc1ccc2ccc(cc2c1)Oc3ccc(cc3)C(=O)Nc4cccc(c4)NC(=O)c5ccc(cc5)>},204.47
576,*SCC(=O)NCCCCCCNC(=O)C*,{<CC(=O)NCCCCCCNC(=O)CS>},29.78
577,*c1cc2C(c3c(c2cc1)ccc(c3)c1ccc(cc1)c1c(c(cc(c1)c1ccc(cc1)OCC(CCCC)CC)c1ccc(cc1)*)c1ccc(cc1)OCC(CCCC)CC)(CCCCCC)CCCCCC,{<c1ccc(cc1)c2cc(c3ccc(OCC(CC)CCCC)cc3)cc(c2c2ccc(OCC(CC)CCCC)cc2)c3ccc(cc3)c4ccc5c(c4)C(CCCCCC)(CCCCCC)c4cc(ccc45)>},123.52
578,*OC(=O)COCC(=O)OCCCC*,{<CCCCOC(=O)COCC(=O)O>},27.22
579,*C1(CCN(CC1)C(=O)C(CC(=O)N1CCC(CC1)(CCC*)C)C)C,{<CCCC1(C)CCN(CC1)C(=O)CC(C)C(=O)N2CCC(CC2)(C)>},111.94
580,*c1nc2c(nc1)cc(cc2)Oc1cc2c(nc(cn2)c2ccc(cc2)*)cc1,{<c1ccc(cc1)c2cnc3cc(ccc3n2)Oc4ccc5nc(cnc5c4)>},381.02
581,*C(C*)OC(=O)c1c(cccc1)C,{$CC(OC(=O)c1ccccc1C)$},81.84
582,*C1(CC(c2c1cc(cc2)*)(C)C)C,{<c1ccc2c(c1)C(CC2(C)C)(C)>},261.41
583,*c1cc2c(C(=O)N(C2=O)c2ccc3Cc4c(c3c2)cc(cc4)N2C(=O)c3c(C2=O)cc(cc3)C(*)(C(F)(F)F)C(F)(F)F)cc1,{<c1ccc2c(c1)C(=O)N(C2=O)c1ccc3c(c1)c1cc(ccc1C3)N4C(=O)c5ccc(cc5C4=O)C(C(F)(F)F)(C(F)(F)F)>},442.63
584,*c1cc2c(C(=O)N(C2=O)c2c3c(ccc2)c(ccc3)Oc2ccc(cc2)N2C(=O)c3c(C2=O)cc(cc3)C(=O)Nc2nc(nc(n2)NC(=O)*)c2ccccc2)cc1,{<C(=O)Nc1nc(nc(c2ccccc2)n1)NC(=O)c2ccc3c(c2)C(=O)N(C3=O)c2ccc(cc2)Oc4cccc5c(cccc45)N6C(=O)c7ccc(cc7C6=O)>},330.59
585,*Oc1ccc(cc1)OC(=O)c1c(cc(cc1)C(=O)*)Sc1ccc(cc1)Cl,{<Oc1ccc(cc1)OC(=O)c2ccc(cc2Sc2ccc(Cl)cc2)C(=O)>},146.43
586,*N1C(=O)c2c(C1=O)cc(cc2)Oc1cc2c(C(=O)N(C2=O)CCCCCCCCCCCC*)cc1,{<CCCCCCCCCCCCN1C(=O)c2ccc(cc2C1=O)Oc3ccc4c(c3)C(=O)N(C4=O)>},80.63
587,*Oc1ccc(cc1)OC(=O)c1ccc(cc1)C(=O)Oc1ccc(cc1)OCCCCC*,{<CCCCCOc1ccc(cc1)OC(=O)c2ccc(cc2)C(=O)Oc3ccc(cc3)O>},89.92
588,*C1C(=O)N(C(=O)C1C(C*)c1ccccc1)CCCCCCCCCCCC,{<CC(c1ccccc1)C1C(=O)N(CCCCCCCCCCCC)C(=O)C1>},70.24
589,*OC(=O)Nc1c(ccc(c1)NC(=O)OCCCCCCCC*)C,{<CCCCCCCCOC(=O)Nc1ccc(C)c(c1)NC(=O)O>},117.25
590,*C(C*)(C(=O)OCCCCCCOc1ccc(cc1)C(=O)Oc1ccc2c(c1)oc(=O)cc2)C,{$CC(C(=O)OCCCCCCOc1ccc(C(=O)Oc2ccc3ccc(=O)oc3c2)cc1)(C)$},118.96
591,*Oc1ccc(cc1)CC(NC(=O)Cc1ccc(cc1)OC(=O)CCCCCCC(=O)*)C(=O)OCC,{<Oc1ccc(cc1)CC(C(=O)OCC)NC(=O)Cc2ccc(cc2)OC(=O)CCCCCCC(=O)>},66.4
592,*N1C(=O)c2c(C1=O)cc(cc2)Oc1cc2c(C(=O)N(C2=O)c2cc(ccc2)C(c2cc(ccc2)*)O[Si](O[Si](O[Si](C)(C)C)(C)C)(C)C)cc1,{<c1cccc(c1)C(O[Si](C)(C)O[Si](C)(C)O[Si](C)(C)C)c2cccc(c2)N3C(=O)c4ccc(cc4C3=O)Oc5ccc6c(c5)C(=O)N(C6=O)>},196.68
593,*c1cc2c(C(=O)N(C2=O)c2ccc(cc2)C(=O)OCCOCCOCCOC(=O)*)cc1,{<C(=O)OCCOCCOCCOC(=O)c1ccc(cc1)N2C(=O)c3ccc(cc3C2=O)>},79.22
594,*Oc1ccc(cc1)C1(c2ccccc2c2ccccc12)c1ccc(cc1)Oc1c(cc(cc1)C(=O)c1ccc(cc1)C(=O)c1cc(c(cc1)*)C(F)(F)F)C(F)(F)F,{<Oc1ccc(cc1)C2(c3ccccc3c3ccccc32)c3ccc(cc3)Oc4ccc(cc4C(F)(F)F)C(=O)c5ccc(cc5)C(=O)c6ccc(c(C(F)(F)F)c6)>},265.8
595,*O[Si](O[Si](O[Si](O[Si](CC[Si](O[Si](O[Si](O[Si](O[Si](CC[Si](*)(c1ccccc1)c1ccccc1)(C)C)(C)C)(C)C)(C)C)(C)C)(c1ccccc1)c1ccccc1)(c1ccccc1)c1ccccc1)(c1ccccc1)c1ccccc1)(c1ccccc1)c1ccccc1,{<O[Si](c1ccccc1)(c1ccccc1)O[Si](c1ccccc1)(c1ccccc1)O[Si](c1ccccc1)(c1ccccc1)O[Si](c1ccccc1)(c1ccccc1)CC[Si](C)(C)O[Si](C)(C)O[Si](C)(C)O[Si](C)(C)O[Si](C)(C)CC[Si](c1ccccc1)(c1ccccc1)>},11.62
596,*N1C(=O)c2c(C1=O)c(ccc2)Oc1c(c(cc(c1)C(C)(C)C)C(C)(C)C)Oc1c2c(C(=O)N(C2=O)c2ccc(cc2)Oc2ccc(cc2)*)ccc1,"{<c1ccc(cc1)Oc2ccc(cc2)<,>N3C(=O)c4cccc(c4C3=O)Oc5c(cc(C(C)(C)C)cc5C(C)(C)C)Oc6cccc7c6C(=O)N(C7=O)>}",301.26
597,*Oc1ccc(cc1)c1ccc(cc1)Oc1c(c(c(c(c1F)F)COC(c1cc(ccc1)C(OCc1c(c(c(c(c1F)F)*)F)F)(C(F)(F)F)C(F)(F)F)(C(F)(F)F)C(F)(F)F)F)F,{<Oc1ccc(cc1)c2ccc(cc2)Oc3c(F)c(F)c(c(F)c3F)COC(C(F)(F)F)(C(F)(F)F)c4cccc(c4)C(C(F)(F)F)(C(F)(F)F)OCc5c(F)c(F)c(c(F)c5F)>},139.73
598,*S(=O)(=O)c1ccc(cc1)NC(=O)c1cc(cc(c1)NC(=O)c1ccc(cc1)NC(=O)C(N1C(=O)c2c(C1=O)cccc2)C)C(=O)Nc1ccc(cc1)*,{<c1ccc(cc1)NC(=O)c2cc(NC(=O)c3ccc(NC(=O)C(C)N4C(=O)c5ccccc5C4=O)cc3)cc(c2)C(=O)Nc3ccc(cc3)S(=O)(=O)>},272.65
599,*NC(=O)NCc1ccc(cc1)CNC(=O)NCCCCCCCCCCCCCCCCCC*,{<CCCCCCCCCCCCCCCCCCNC(=O)NCc1ccc(cc1)CNC(=O)N>},62.4
600,*C1CC2CC(CC(C1)O2)OC(=O)O*,{<OC(=O)OC1CC2CC(CC(C1)O2)>},196.52
601,*C(C(*)C(=O)OC(C)(C)C)C(=O)OC,{$C(C(=O)OC)C(C(=O)OC(C)(C)C)$},148.77
602,*Oc1ccc(cc1)c1ccc(cc1)C(=O)OCC(COC(=O)c1ccc(cc1)c1ccc(cc1)OC(CC*)C)C,{<CCC(C)Oc1ccc(cc1)c2ccc(cc2)C(=O)OCC(C)COC(=O)c3ccc(cc3)c4ccc(cc4)O>},116.96
603,*N1C(=O)c2c(C1=O)cc(cc2)c1cc2c(C(=O)N(C2=O)c2c(cc(cc2C)C(c2cc(c(c(c2)C)*)C)c2c3c(ccc2)cccc3)C)cc1,{<c1c(C)cc(cc1C)C(c2cccc3ccccc23)c2cc(C)c(c(C)c2)N3C(=O)c4ccc(cc4C3=O)c5ccc6c(c5)C(=O)N(C6=O)>},369
604,*c1cc2c(nc(c(n2)c2ccccc2)c2ccc(cc2)c2c(nc3c(n2)cc(cc3)C(=O)*)c2ccccc2)cc1,{<C(=O)c1ccc2nc(c3ccccc3)c(nc2c1)c3ccc(cc3)c4nc5ccc(cc5nc4c4ccccc4)>},326.27
605,*C(C*)(C(=O)OCC)F,{$CC(C(=O)OCC)(F)$},124.69
606,*NC(=O)CCCCC(=O)NCC(CC(CC*)(C)C)C,{<CCC(C)(C)CC(C)CNC(=O)CCCCC(=O)N>},54.82
607,*c1c2C(=O)N(C(=O)c2c(c2ccccc12)c1ccc(cc1)Oc1ccc(cc1)C(=O)c1cc(ccc1)C(=O)c1ccc(cc1)Oc1ccc(cc1)*)CCCCCCCCCCCC,{<c1ccc(cc1)Oc2ccc(cc2)C(=O)c3cccc(c3)C(=O)c4ccc(cc4)Oc5ccc(cc5)c6c7c(C(=O)N(CCCCCCCCCCCC)C7=O)c(c8ccccc68)>},161.91
608,*Oc1ccc(cc1)C(c1ccc(cc1)OC(=S)*)C,{<Oc1ccc(cc1)C(C)c2ccc(cc2)OC(=S)>},101.06
609,*C(C*)OCC(CC)(C)C,{$CC(OCC(C)(C)CC)$},12.2
610,*c1sc(cc1)C(=O)Oc1ccc(cc1)[Si](c1ccc(cc1)OC(=O)*)(CC)CC,{<C(=O)Oc1ccc(cc1)[Si](CC)(CC)c2ccc(cc2)OC(=O)c3ccc(s3)>},-36.93
611,*Oc1c(cc(cc1C)*)C(CCCCCCCCCCCC)C,{<Oc1c(C)cc(cc1C(C)CCCCCCCCCCCC)>},44.22
612,*Oc1cc(ccc1)C(C(C(c1cc(ccc1)OC(=O)c1cc(ccc1)C(C(C(c1cc(ccc1)C(=O)*)(F)F)(F)F)(F)F)(F)F)(F)F)(F)F,{<Oc1cccc(c1)C(F)(F)C(F)(F)C(F)(F)c2cccc(c2)OC(=O)c3cccc(c3)C(F)(F)C(F)(F)C(F)(F)c4cccc(c4)C(=O)>},105.91
613,*C(C*)C(=O)Oc1ccc(cc1)C(=O)Oc1ccc(cc1)OC(=O)c1ccc(cc1)OCCCC,{$CC(C(=O)Oc1ccc(C(=O)Oc2ccc(OC(=O)c3ccc(OCCCC)cc3)cc2)cc1)$},42.05
614,*C(C*)c1c(cccc1)C(=O)OCCC,{$CC(c1ccccc1C(=O)OCCC)$},135.21
615,*N=P(*)(OCc1ccc(cc1)c1ccccc1)OCc1ccc(cc1)c1ccccc1,{<N=P(OCc1ccc(c2ccccc2)cc1)(OCc1ccc(c2ccccc2)cc1)>},51.23
616,*c1oc(nn1)c1ccc(cc1)C(=O)OCCCCCCOc1ccc(cc1)C=C1C(=O)C(=Cc2ccc(cc2)OCCCCCCOC(=O)c2ccc(cc2)*)CCC1,{<c1ccc(cc1)C(=O)OCCCCCCOc2ccc(cc2)C=C3CCCC(C3=O)=Cc4ccc(cc4)OCCCCCCOC(=O)c5ccc(cc5)c6nnc(o6)>},90.11
617,*OC(=O)NCCCCCCNC(=O)OCCCCCCCCCCCC*,{<CCCCCCCCCCCCOC(=O)NCCCCCCNC(=O)O>},35.91
618,*c1oc(nc1)c1cc(c(cc1)Oc1ccc(cc1)S(=O)(=O)c1ccc(cc1)Oc1c(cc(cc1)*)C(F)(F)F)C(F)(F)F,{<c1ccc(c(C(F)(F)F)c1)Oc2ccc(cc2)S(=O)(=O)c3ccc(cc3)Oc4ccc(cc4C(F)(F)F)c5ncc(o5)>},267.06
619,*c1nc(nc(n1)c1ccc(cc1)Oc1ccc(cc1)C(c1ccc(cc1)Oc1ccc(cc1)*)(C(F)(F)F)C(F)(F)F)c1ccccc1,{<c1ccc(cc1)Oc2ccc(cc2)C(C(F)(F)F)(C(F)(F)F)c3ccc(cc3)Oc4ccc(cc4)c5nc(nc(c6ccccc6)n5)>},303.48
620,*Oc1c(c(c(c(c1C)C)Oc1ccc(cc1)NC(=O)c1ccc(cc1)C(=O)Nc1ccc(cc1)*)C)C,{<Oc1c(C)c(C)c(c(C)c1C)Oc2ccc(cc2)NC(=O)c3ccc(cc3)C(=O)Nc4ccc(cc4)>},337.62
621,*N1C(=O)c2c(C1=O)c(ccc2)c1cc2c(C(=O)N(C2=O)c2cc(ccc2)*)cc1,"{<c1cccc(c1)<,>N2C(=O)c3ccc(cc3C2=O)c4cccc5c4C(=O)N(C5=O)>}",348.28
622,*N1C(=O)c2c(C1=O)cc(cc2)Oc1cc2c(C(=O)N(C2=O)c2cc(c(c(c2)Br)Oc2c(cc(cc2Br)*)Br)Br)cc1,{<c1cc(Br)c(c(Br)c1)Oc2c(Br)cc(cc2Br)N3C(=O)c4ccc(cc4C3=O)Oc5ccc6c(c5)C(=O)N(C6=O)>},302.26
623,*N1C(=O)C2C3C4C(C(C2C1=O)C=C3)C(=O)N(C4=O)c1ccc(cc1)Sc1cc2c(C(=O)N(C2=O)c2ccc(cc2)CC)cc1Sc1ccc(cc1)*,{<c1ccc(cc1)Sc8cc3c(C(=O)N(c2ccc(CC)cc2)C3=O)cc8Sc2ccc(cc2)N4C(=O)C5C6C=CC(C5C4=O)C7C(=O)N(C(=O)C67)>},307.1
624,*C1C(C(C(C1)C=C*)(F)F)(C(F)(F)F)C(F)(F)F,{$C=CC1CC(C(C(F)(F)F)(C(F)(F)F)C1(F)F)$},163.71
625,*OC(CCC(OC(=O)CCCCCCCCC(=O)*)C)C,"{<OC(C)CCC(C)O<,>C(=O)CCCCCCCCC(=O)>}",-18.21
626,*c1ccc2c(nc([nH]2)c2cc(ccc2)c2nc3c([nH]2)ccc(c3)C(=O)Nc2cc(cc(c2)c2nc3c([nH]2)cccc3)NC(=O)*)c1,{<C(=O)Nc1cc(cc(c2nc3ccccc3[nH]2)c1)NC(=O)c2ccc3[nH]c(nc3c2)c4cccc(c4)c5nc6cc(ccc6[nH]5)>},348.55
627,*C(C*)C(=O)c1ccc(cc1)CC,{$CC(C(=O)c1ccc(CC)cc1)$},68.42
628,*C1C(=O)N(C(=O)C1*)CCOc1ccc(cc1)c1ccc(cc1)C#N,{<C1C(=O)N(CCOc2ccc(c3ccc(C#N)cc3)cc2)C(=O)C1>},158.36
629,*C1COC2C1OCC2OC(=O)CCC(=O)O*,{<OC(=O)CCC(=O)OC1COC2C(COC12)>},86.76
630,*OC(=O)c1ccc(cc1)C(=O)OCCCCOC(=O)CCCCC(=O)OCCCC*,{<CCCCOC(=O)CCCCC(=O)OCCCCOC(=O)c1ccc(cc1)C(=O)O>},33.64
631,*C(C*)c1ccc(cc1)COCC(CCCC)CC,{$CC(c1ccc(COCC(CC)CCCC)cc1)$},13.66
632,*C(C*)(C(=O)Oc1cc(c(cc1)C(=O)c1ccccc1)O)C,{$CC(C(=O)Oc1ccc(C(=O)c2ccccc2)c(O)c1)(C)$},186.45
633,*C(C*)C(=O)OCCOC(C(F)F)(F)F,{$CC(C(=O)OCCOC(F)(F)C(F)F)$},11.16
634,*OC(=O)OCC(C(C*)O)O,{<CC(O)C(O)COC(=O)O>},98.39
635,*Oc1ccc(cc1)NC(=O)c1cc(cc(c1)C(C)(C)C)C(=O)Nc1ccc(cc1)OCCCCCC*,{<CCCCCCOc1ccc(cc1)NC(=O)c2cc(cc(C(C)(C)C)c2)C(=O)Nc3ccc(cc3)O>},158.08
636,*N(c1ccc(cc1)C(c1ccc(cc1)*)c1ccccc1)c1ccc(cc1)C,{<c1ccc(cc1)C(c2ccccc2)c2ccc(cc2)N(c3ccc(C)cc3)>},263.16
637,*Nc1ccc(cc1)C(c1ccc(cc1)NC(=O)c1cc(cc(c1)N1C(=O)C2C(C1=O)CC=CC2)C(=O)*)(C)C,{<Nc1ccc(cc1)C(C)(C)c2ccc(cc2)NC(=O)c3cc(cc(N4C(=O)C5CC=CCC5C4=O)c3)C(=O)>},358.53
638,*C(C*)(CC(=O)OCCCc1ccccc1)C(=O)OCCCc1ccccc1,{$CC(C(=O)OCCCc1ccccc1)(CC(=O)OCCCc1ccccc1)$},29.9
639,*C=CCCCC(CCC*)Cl,{$C=CCCCC(Cl)CCC$},-9.32
640,*C1C(=O)N(C(=O)C1C(C*)(C)C)c1c(cccc1)C,{<CC(C)(C)C1C(=O)N(c2ccccc2C)C(=O)C1>},286.47
641,*C1(c2c(C(=O)O1)cccc2)c1ccc(cc1)Oc1c(c(c(c(c1F)F)C(=O)c1c(c(c(c(c1F)F)Oc1ccc(cc1)*)F)F)F)F,{<c1ccc(cc1)Oc2c(F)c(F)c(c(F)c2F)C(=O)c3c(F)c(F)c(c(F)c3F)Oc4ccc(cc4)C5(OC(=O)c6ccccc65)>},276.34
642,*Nc1cc(ccc1)NC(=O)CCCCCCC(=O)*,{<Nc1cccc(c1)NC(=O)CCCCCCC(=O)>},128.17
643,*C(C*)(C(=O)OCCOc1ccc(cc1)N=Nc1ccc(cc1)C#N)C,{$CC(C(=O)OCCOc1ccc(N=Nc2ccc(C#N)cc2)cc1)(C)$},141.68
644,*N1C(=O)c2c(C1=O)cc(cc2)Oc1ccc(cc1)C1(CCC(CC1)c1ccccc1)c1ccc(cc1)Oc1cc2c(C(=O)N(C2=O)c2ccc(cc2)Cc2ccc(cc2)*)cc1,{<c1ccc(cc1)Cc2ccc(cc2)N3C(=O)c4ccc(cc4C3=O)Oc5ccc(cc5)C6(CCC(c7ccccc7)CC6)c7ccc(cc7)Oc8ccc9c(c8)C(=O)N(C9=O)>},249.05
645,*Oc1ccc(cc1)Oc1ccc(cc1)C(=O)c1c(c(c(c(c1c1ccc(cc1)F)c1ccc(cc1)F)c1ccc(cc1)F)c1ccc(cc1)F)C(=O)c1ccc(cc1)*,{<Oc1ccc(cc1)Oc2ccc(cc2)C(=O)c3c(c(c4ccc(F)cc4)c(c4ccc(F)cc4)c(c4ccc(F)cc4)c3c3ccc(F)cc3)C(=O)c4ccc(cc4)>},252.56
646,*c1cc2c(C(=O)N(C2=O)c2ccc(cc2)NC(=O)Nc2ccc(cc2)N2C(=O)c3c(C2=O)cc(cc3)C(=O)Nc2ccc(cc2)c2ccc(cc2)NC(=O)*)cc1,{<C(=O)Nc1ccc(cc1)c2ccc(cc2)NC(=O)c3ccc4c(c3)C(=O)N(C4=O)c3ccc(cc3)NC(=O)Nc5ccc(cc5)N6C(=O)c7ccc(cc7C6=O)>},253.71
647,*OC(C*)CCl,"{<CC(CCl)O>,<C(CCl)CO>}",2.36
648,*NC(=O)c1cc(cc(c1)C(C)(C)C)C(=O)NCC(CCC(C*)C)C,{<CC(C)CCC(C)CNC(=O)c1cc(cc(C(C)(C)C)c1)C(=O)N>},157.37
649,*c1cc2c(C(=O)N(C2=O)c2ccc(cc2)Oc2ccc(cc2)C(=O)c2cc(ccc2)C(=O)c2ccc(cc2)Oc2ccc(cc2)N2C(=O)c3c(C2=O)cc(cc3)C(=O)*)cc1,{<C(=O)c1ccc2c(c1)C(=O)N(C2=O)c1ccc(cc1)Oc3ccc(cc3)C(=O)c4cccc(c4)C(=O)c5ccc(cc5)Oc6ccc(cc6)N7C(=O)c8ccc(cc8C7=O)>},240.35
650,*Oc1c(cc(cc1OC)C=Cc1ccc(cc1)C=Cc1cc(c(c(c1)OC)OCCCCCCCC*)OC)OC,{<CCCCCCCCOc1c(OC)cc(cc1OC)C=Cc2ccc(cc2)C=Cc3cc(OC)c(c(OC)c3)O>},65.39
651,*Nc1c2c(ccc1)c(ccc2)NC(=O)c1cc(ccc1)C(=O)*,{<Nc1cccc2c(cccc12)NC(=O)c3cccc(c3)C(=O)>},339.66
652,*OS(=O)(=O)c1ccc(cc1)*,{<OS(=O)(=O)c1ccc(cc1)>},140.64
653,*c1ccc2ccc3c(c2n1)nc(cc3)c1ccc(cc1)c1c(cc(c(c1)CCCCCC)c1ccc(cc1)*)CCCCCC,{<c1ccc(cc1)c2cc(CCCCCC)c(cc2CCCCCC)c3ccc(cc3)c4ccc5ccc6ccc(nc6c5n4)>},160.44
654,*C(C*)(C(=O)OCCCCCCCCCCn1c2ccc(cc2c2ccccc12)N=Nc1ccc(cc1)[N+](=O)[O-])C,{$CC(C(=O)OCCCCCCCCCCn1c2ccccc2c2cc(N=Nc3ccc([N+](=O)[O-])cc3)ccc21)(C)$},60.81
655,*N=Nc1ccc(cc1)NC(=O)CCC(=O)Nc1ccc(cc1)*,{<N=Nc1ccc(cc1)NC(=O)CCC(=O)Nc2ccc(cc2)>},208.85
656,*C(C*)c1cc(ccc1)Cl,{$CC(c1cccc(Cl)c1)$},122.57
657,*Oc1ccc(cc1)C1(c2cc(ccc2c2ccc(cc12)[N+](=O)[O-])OC)c1ccc(cc1)OC(=O)CCCC(=O)*,{<Oc1ccc(cc1)C2(c3cc(OC)ccc3c3ccc([N+](=O)[O-])cc32)c3ccc(cc3)OC(=O)CCCC(=O)>},195.71
658,*c1cc2c(C(=O)N(C2=O)c2c(cc(c(c2C)C(=O)c2cc(ccc2)N2C(=O)c3c(C2=O)cc(cc3)C(*)(C(F)(F)F)C(F)(F)F)C)C)cc1,{<c1ccc2c(c1)C(=O)N(C2=O)c1c(C)cc(C)c(c1C)C(=O)c3cccc(c3)N4C(=O)c5ccc(cc5C4=O)C(C(F)(F)F)(C(F)(F)F)>},280.09
659,*Oc1ccc(cc1)Oc1ccc(cc1)C(=O)c1cc(ccc1)NC(=O)c1cc(ccc1)C(=O)Nc1cc(ccc1)C(=O)c1ccc(cc1)*,{<Oc1ccc(cc1)Oc2ccc(cc2)C(=O)c3cccc(c3)NC(=O)c4cccc(c4)C(=O)Nc5cccc(c5)C(=O)c6ccc(cc6)>},222.22
660,*Oc1ccc(cc1)CC(NC(=O)CCc1ccc(cc1)OC(=O)CCCC(=O)*)C(=O)OCCOCCOCC,{<Oc1ccc(cc1)CC(C(=O)OCCOCCOCC)NC(=O)CCc2ccc(cc2)OC(=O)CCCC(=O)>},42.34
661,*OP(=O)(OCCCCCCCCCCOc1ccc(cc1)C=Cc1ccc(cc1)OCCCCCCCCCC*)OCCCCCCCCCCOc1ccc(cc1)N=Nc1ccc(cc1)C#N,{<CCCCCCCCCCOc1ccc(cc1)C=Cc2ccc(cc2)OCCCCCCCCCCOP(=O)(OCCCCCCCCCCOc3ccc(N=Nc4ccc(C#N)cc4)cc3)O>},51.61
